algo,n_envs,trial,seed,chunk_idx,steps_at_chunk_start,env_steps,wall_clock_s,ep_rew_mean,chunk_steps,lr,learning_starts,gradient_steps_effective,update_ratio,n_steps,rollout
PPO,8,0,0,0,0,4096,0.6579,25.31,4096,0.0029522252607297075,,,,128,1024
PPO,8,0,0,1,4096,8192,1.2418,51.53,4096,0.0029522252607297075,,,,128,1024
PPO,8,0,0,2,8192,12288,1.7953,76.37,4096,0.0029522252607297075,,,,128,1024
PPO,8,0,0,3,12288,16384,2.3537,109.64,4096,0.0029522252607297075,,,,128,1024
PPO,8,0,0,4,16384,20480,2.9021,147.04,4096,0.0029522252607297075,,,,128,1024
PPO,8,0,0,5,20480,24576,3.4527,184.01,4096,0.0029522252607297075,,,,128,1024
PPO,8,0,0,6,24576,28672,4.0049,220.25,4096,0.0029522252607297075,,,,128,1024
PPO,8,0,0,7,28672,32768,4.5596,242.98,4096,0.0029522252607297075,,,,128,1024
PPO,8,0,0,8,32768,36864,5.108,272.7,4096,0.0029522252607297075,,,,128,1024
PPO,8,0,0,9,36864,40960,5.6535,310.63,4096,0.0029522252607297075,,,,128,1024
PPO,8,0,0,10,40960,45056,6.1982,344.8,4096,0.0029522252607297075,,,,128,1024
PPO,8,0,0,11,45056,49152,6.7425,378.0,4096,0.0029522252607297075,,,,128,1024
PPO,8,0,0,12,49152,53248,7.2895,407.38,4096,0.0029522252607297075,,,,128,1024
PPO,8,0,0,13,53248,57344,7.8344,437.24,4096,0.0029522252607297075,,,,128,1024
PPO,8,0,0,14,57344,61440,8.3812,446.06,4096,0.0029522252607297075,,,,128,1024
PPO,8,0,0,15,61440,65536,8.9302,442.91,4096,0.0029522252607297075,,,,128,1024
PPO,8,0,0,16,65536,69632,9.4803,396.64,4096,0.0029522252607297075,,,,128,1024
PPO,8,0,0,17,69632,73728,10.0247,397.81,4096,0.0029522252607297075,,,,128,1024
PPO,8,0,0,18,73728,77824,10.5949,333.38,4096,0.0029522252607297075,,,,128,1024
PPO,8,0,0,19,77824,81920,11.142,295.19,4096,0.0029522252607297075,,,,128,1024
PPO,8,0,0,20,81920,86016,11.6935,282.53,4096,0.0029522252607297075,,,,128,1024
PPO,8,0,0,21,86016,90112,12.2421,270.01,4096,0.0029522252607297075,,,,128,1024
PPO,8,0,0,22,90112,94208,12.7881,279.85,4096,0.0029522252607297075,,,,128,1024
PPO,8,0,0,23,94208,98304,13.3604,294.4,4096,0.0029522252607297075,,,,128,1024
PPO,8,0,0,24,98304,102400,13.9196,295.43,4096,0.0029522252607297075,,,,128,1024
PPO,8,0,0,25,102400,106496,14.4541,282.54,4096,0.0029522252607297075,,,,128,1024
PPO,8,0,0,26,106496,110592,14.9883,297.16,4096,0.0029522252607297075,,,,128,1024
PPO,8,0,0,27,110592,114688,15.5158,325.71,4096,0.0029522252607297075,,,,128,1024
PPO,8,0,0,28,114688,118784,16.0486,354.19,4096,0.0029522252607297075,,,,128,1024
PPO,8,0,0,29,118784,122880,16.5793,380.6,4096,0.0029522252607297075,,,,128,1024
PPO,8,0,0,30,122880,126976,17.1127,399.38,4096,0.0029522252607297075,,,,128,1024
PPO,8,0,0,31,126976,131072,17.6454,412.04,4096,0.0029522252607297075,,,,128,1024
PPO,8,0,0,32,131072,135168,18.1785,424.64,4096,0.0029522252607297075,,,,128,1024
PPO,8,0,0,33,135168,139264,18.7117,418.17,4096,0.0029522252607297075,,,,128,1024
PPO,8,0,0,34,139264,143360,19.2449,407.8,4096,0.0029522252607297075,,,,128,1024
PPO,8,0,0,35,143360,147456,19.7692,421.63,4096,0.0029522252607297075,,,,128,1024
PPO,8,0,0,36,147456,151552,20.2938,446.59,4096,0.0029522252607297075,,,,128,1024
PPO,8,0,0,37,151552,155648,20.8232,467.85,4096,0.0029522252607297075,,,,128,1024
PPO,8,0,0,38,155648,159744,21.3552,480.59,4096,0.0029522252607297075,,,,128,1024
PPO,8,1,0,0,0,4096,0.6125,32.64,4096,0.0009222944219293516,,,,8,64
PPO,8,1,0,1,4096,8192,1.2132,46.72,4096,0.0009222944219293516,,,,8,64
PPO,8,1,0,2,8192,12288,1.8092,58.75,4096,0.0009222944219293516,,,,8,64
PPO,8,1,0,3,12288,16384,2.4086,65.68,4096,0.0009222944219293516,,,,8,64
PPO,8,1,0,4,16384,20480,3.0196,66.94,4096,0.0009222944219293516,,,,8,64
PPO,8,1,0,5,20480,24576,3.6073,100.62,4096,0.0009222944219293516,,,,8,64
PPO,8,1,0,6,24576,28672,4.1942,134.09,4096,0.0009222944219293516,,,,8,64
PPO,8,1,0,7,28672,32768,4.7811,166.86,4096,0.0009222944219293516,,,,8,64
PPO,8,1,0,8,32768,36864,5.3685,200.46,4096,0.0009222944219293516,,,,8,64
PPO,8,1,0,9,36864,40960,5.9555,236.02,4096,0.0009222944219293516,,,,8,64
PPO,8,1,0,10,40960,45056,6.5419,272.64,4096,0.0009222944219293516,,,,8,64
PPO,8,1,0,11,45056,49152,7.1318,309.76,4096,0.0009222944219293516,,,,8,64
PPO,8,1,0,12,49152,53248,7.7186,345.78,4096,0.0009222944219293516,,,,8,64
PPO,8,1,0,13,53248,57344,8.304,380.5,4096,0.0009222944219293516,,,,8,64
PPO,8,1,0,14,57344,61440,8.8845,415.4,4096,0.0009222944219293516,,,,8,64
PPO,8,1,0,15,61440,65536,9.4751,449.26,4096,0.0009222944219293516,,,,8,64
PPO,8,1,0,16,65536,69632,10.0651,484.59,4096,0.0009222944219293516,,,,8,64
PPO,8,2,0,0,0,4096,0.5586,31.79,4096,0.0016509204741035509,,,,128,1024
PPO,8,2,0,1,4096,8192,1.0936,54.71,4096,0.0016509204741035509,,,,128,1024
PPO,8,2,0,2,8192,12288,1.6262,82.94,4096,0.0016509204741035509,,,,128,1024
PPO,8,2,0,3,12288,16384,2.157,113.29,4096,0.0016509204741035509,,,,128,1024
PPO,8,2,0,4,16384,20480,2.6867,130.04,4096,0.0016509204741035509,,,,128,1024
PPO,8,2,0,5,20480,24576,3.2187,147.46,4096,0.0016509204741035509,,,,128,1024
PPO,8,2,0,6,24576,28672,3.7472,175.6,4096,0.0016509204741035509,,,,128,1024
PPO,8,2,0,7,28672,32768,4.2812,211.41,4096,0.0016509204741035509,,,,128,1024
PPO,8,2,0,8,32768,36864,4.8099,247.75,4096,0.0016509204741035509,,,,128,1024
PPO,8,2,0,9,36864,40960,5.3406,283.24,4096,0.0016509204741035509,,,,128,1024
PPO,8,2,0,10,40960,45056,5.8834,315.0,4096,0.0016509204741035509,,,,128,1024
PPO,8,2,0,11,45056,49152,6.4143,343.89,4096,0.0016509204741035509,,,,128,1024
PPO,8,2,0,12,49152,53248,6.9446,363.75,4096,0.0016509204741035509,,,,128,1024
PPO,8,2,0,13,53248,57344,7.4733,387.65,4096,0.0016509204741035509,,,,128,1024
PPO,8,2,0,14,57344,61440,7.9973,409.66,4096,0.0016509204741035509,,,,128,1024
PPO,8,2,0,15,61440,65536,8.5283,426.88,4096,0.0016509204741035509,,,,128,1024
PPO,8,2,0,16,65536,69632,9.0567,450.91,4096,0.0016509204741035509,,,,128,1024
PPO,8,2,0,17,69632,73728,9.5866,471.03,4096,0.0016509204741035509,,,,128,1024
PPO,8,2,0,18,73728,77824,10.1167,485.9,4096,0.0016509204741035509,,,,128,1024
PPO,8,3,0,0,0,4096,0.6264,25.65,4096,0.0010978959638925057,,,,8,64
PPO,8,3,0,1,4096,8192,1.2317,57.08,4096,0.0010978959638925057,,,,8,64
PPO,8,3,0,2,8192,12288,1.8344,77.79,4096,0.0010978959638925057,,,,8,64
PPO,8,3,0,3,12288,16384,2.431,92.3,4096,0.0010978959638925057,,,,8,64
PPO,8,3,0,4,16384,20480,3.0251,128.06,4096,0.0010978959638925057,,,,8,64
PPO,8,3,0,5,20480,24576,3.6176,161.94,4096,0.0010978959638925057,,,,8,64
PPO,8,3,0,6,24576,28672,4.213,193.72,4096,0.0010978959638925057,,,,8,64
PPO,8,3,0,7,28672,32768,4.8074,222.87,4096,0.0010978959638925057,,,,8,64
PPO,8,3,0,8,32768,36864,5.4027,255.94,4096,0.0010978959638925057,,,,8,64
PPO,8,3,0,9,36864,40960,6.0031,292.05,4096,0.0010978959638925057,,,,8,64
PPO,8,3,0,10,40960,45056,6.602,330.43,4096,0.0010978959638925057,,,,8,64
PPO,8,3,0,11,45056,49152,7.1983,366.14,4096,0.0010978959638925057,,,,8,64
PPO,8,3,0,12,49152,53248,7.7944,399.96,4096,0.0010978959638925057,,,,8,64
PPO,8,3,0,13,53248,57344,8.3898,431.17,4096,0.0010978959638925057,,,,8,64
PPO,8,3,0,14,57344,61440,8.9997,462.21,4096,0.0010978959638925057,,,,8,64
PPO,8,3,0,15,61440,65536,9.5943,494.09,4096,0.0010978959638925057,,,,8,64
PPO,8,4,0,0,0,4096,0.5775,27.86,4096,0.00023087470969374724,,,,32,256
PPO,8,4,0,1,4096,8192,1.142,38.11,4096,0.00023087470969374724,,,,32,256
PPO,8,4,0,2,8192,12288,1.7019,48.45,4096,0.00023087470969374724,,,,32,256
PPO,8,4,0,3,12288,16384,2.2598,53.46,4096,0.00023087470969374724,,,,32,256
PPO,8,4,0,4,16384,20480,2.8164,62.05,4096,0.00023087470969374724,,,,32,256
PPO,8,4,0,5,20480,24576,3.3703,71.7,4096,0.00023087470969374724,,,,32,256
PPO,8,4,0,6,24576,28672,3.9224,79.68,4096,0.00023087470969374724,,,,32,256
PPO,8,4,0,7,28672,32768,4.4727,92.12,4096,0.00023087470969374724,,,,32,256
PPO,8,4,0,8,32768,36864,5.0243,97.63,4096,0.00023087470969374724,,,,32,256
PPO,8,4,0,9,36864,40960,5.5732,114.95,4096,0.00023087470969374724,,,,32,256
PPO,8,5,0,0,0,4096,0.5657,29.8,4096,0.0015480357313195515,,,,128,1024
PPO,8,5,0,1,4096,8192,1.1034,57.13,4096,0.0015480357313195515,,,,128,1024
PPO,8,5,0,2,8192,12288,1.6327,84.48,4096,0.0015480357313195515,,,,128,1024
PPO,8,5,0,3,12288,16384,2.1662,103.38,4096,0.0015480357313195515,,,,128,1024
PPO,8,5,0,4,16384,20480,2.6965,139.13,4096,0.0015480357313195515,,,,128,1024
PPO,8,5,0,5,20480,24576,3.2273,172.69,4096,0.0015480357313195515,,,,128,1024
PPO,8,6,0,0,0,4096,0.6559,31.03,4096,0.0007500499338496068,,,,8,64
PPO,8,6,0,1,4096,8192,1.2648,41.79,4096,0.0007500499338496068,,,,8,64
PPO,8,6,0,2,8192,12288,1.869,62.84,4096,0.0007500499338496068,,,,8,64
PPO,8,6,0,3,12288,16384,2.4676,79.63,4096,0.0007500499338496068,,,,8,64
PPO,8,6,0,4,16384,20480,3.0617,106.41,4096,0.0007500499338496068,,,,8,64
PPO,8,6,0,5,20480,24576,3.655,142.67,4096,0.0007500499338496068,,,,8,64
PPO,8,6,0,6,24576,28672,4.2468,175.69,4096,0.0007500499338496068,,,,8,64
PPO,8,6,0,7,28672,32768,4.8398,207.74,4096,0.0007500499338496068,,,,8,64
PPO,8,6,0,8,32768,36864,5.4333,238.85,4096,0.0007500499338496068,,,,8,64
PPO,8,6,0,9,36864,40960,6.0249,276.32,4096,0.0007500499338496068,,,,8,64
PPO,8,7,0,0,0,4096,0.5868,28.09,4096,0.00018525195695783336,,,,32,256
PPO,8,7,0,1,4096,8192,1.1599,38.88,4096,0.00018525195695783336,,,,32,256
PPO,8,7,0,2,8192,12288,1.7286,48.75,4096,0.00018525195695783336,,,,32,256
PPO,8,7,0,3,12288,16384,2.3006,48.81,4096,0.00018525195695783336,,,,32,256
PPO,8,7,0,4,16384,20480,2.8662,57.56,4096,0.00018525195695783336,,,,32,256
PPO,8,7,0,5,20480,24576,3.4349,65.94,4096,0.00018525195695783336,,,,32,256
PPO,8,7,0,6,24576,28672,4.0127,76.26,4096,0.00018525195695783336,,,,32,256
PPO,8,7,0,7,28672,32768,4.5867,83.49,4096,0.00018525195695783336,,,,32,256
PPO,8,7,0,8,32768,36864,5.1573,90.33,4096,0.00018525195695783336,,,,32,256
PPO,8,7,0,9,36864,40960,5.719,103.5,4096,0.00018525195695783336,,,,32,256
PPO,8,8,0,0,0,4096,0.5718,43.064935064935064,4096,0.001459150011973195,,,,32,256
PPO,8,8,0,1,4096,8192,1.1526,67.74747474747475,4096,0.001459150011973195,,,,32,256
PPO,8,8,0,2,8192,12288,1.7176,92.29,4096,0.001459150011973195,,,,32,256
PPO,8,8,0,3,12288,16384,2.2767,124.74,4096,0.001459150011973195,,,,32,256
PPO,8,8,0,4,16384,20480,2.8369,162.78,4096,0.001459150011973195,,,,32,256
PPO,8,8,0,5,20480,24576,3.396,201.5,4096,0.001459150011973195,,,,32,256
PPO,8,8,0,6,24576,28672,3.957,240.01,4096,0.001459150011973195,,,,32,256
PPO,8,8,0,7,28672,32768,4.5159,276.39,4096,0.001459150011973195,,,,32,256
PPO,8,8,0,8,32768,36864,5.0745,311.56,4096,0.001459150011973195,,,,32,256
PPO,8,8,0,9,36864,40960,5.6352,344.91,4096,0.001459150011973195,,,,32,256
PPO,8,8,0,10,40960,45056,6.1971,377.11,4096,0.001459150011973195,,,,32,256
PPO,8,8,0,11,45056,49152,6.7583,411.95,4096,0.001459150011973195,,,,32,256
PPO,8,8,0,12,49152,53248,7.3199,438.34,4096,0.001459150011973195,,,,32,256
PPO,8,8,0,13,53248,57344,7.8815,466.57,4096,0.001459150011973195,,,,32,256
PPO,8,8,0,14,57344,61440,8.439,491.33,4096,0.001459150011973195,,,,32,256
PPO,8,9,0,0,0,4096,0.6009,28.83,4096,0.0001902134037163767,,,,32,256
PPO,8,9,0,1,4096,8192,1.1819,40.33,4096,0.0001902134037163767,,,,32,256
PPO,8,9,0,2,8192,12288,1.7593,48.74,4096,0.0001902134037163767,,,,32,256
PPO,8,9,0,3,12288,16384,2.3361,55.49,4096,0.0001902134037163767,,,,32,256
PPO,8,9,0,4,16384,20480,2.9099,63.22,4096,0.0001902134037163767,,,,32,256
PPO,8,9,0,5,20480,24576,3.4826,65.77,4096,0.0001902134037163767,,,,32,256
PPO,8,9,0,6,24576,28672,4.0525,75.45,4096,0.0001902134037163767,,,,32,256
PPO,8,9,0,7,28672,32768,4.6235,79.1,4096,0.0001902134037163767,,,,32,256
PPO,8,9,0,8,32768,36864,5.195,92.47,4096,0.0001902134037163767,,,,32,256
PPO,8,9,0,9,36864,40960,5.781,103.42,4096,0.0001902134037163767,,,,32,256
PPO,8,10,0,0,0,4096,0.5866,33.77,4096,0.00027060169486357345,,,,32,256
PPO,8,10,0,1,4096,8192,1.1643,45.98,4096,0.00027060169486357345,,,,32,256
PPO,8,10,0,2,8192,12288,1.7279,53.34,4096,0.00027060169486357345,,,,32,256
PPO,8,10,0,3,12288,16384,2.293,68.6,4096,0.00027060169486357345,,,,32,256
PPO,8,10,0,4,16384,20480,2.8652,83.69,4096,0.00027060169486357345,,,,32,256
PPO,8,10,0,5,20480,24576,3.4269,102.89,4096,0.00027060169486357345,,,,32,256
PPO,8,10,0,6,24576,28672,3.9988,116.47,4096,0.00027060169486357345,,,,32,256
PPO,8,10,0,7,28672,32768,4.5636,130.25,4096,0.00027060169486357345,,,,32,256
PPO,8,10,0,8,32768,36864,5.1356,137.81,4096,0.00027060169486357345,,,,32,256
PPO,8,10,0,9,36864,40960,5.7022,157.3,4096,0.00027060169486357345,,,,32,256
PPO,8,11,0,0,0,4096,0.5924,29.93,4096,0.0028881696776223245,,,,32,256
PPO,8,11,0,1,4096,8192,1.1602,59.29,4096,0.0028881696776223245,,,,32,256
PPO,8,11,0,2,8192,12288,1.7318,81.4,4096,0.0028881696776223245,,,,32,256
PPO,8,11,0,3,12288,16384,2.3053,106.01,4096,0.0028881696776223245,,,,32,256
PPO,8,11,0,4,16384,20480,2.8645,133.15,4096,0.0028881696776223245,,,,32,256
PPO,8,11,0,5,20480,24576,3.4339,166.3,4096,0.0028881696776223245,,,,32,256
PPO,8,11,0,6,24576,28672,3.9914,191.0,4096,0.0028881696776223245,,,,32,256
PPO,8,11,0,7,28672,32768,4.5702,225.63,4096,0.0028881696776223245,,,,32,256
PPO,8,11,0,8,32768,36864,5.1245,244.15,4096,0.0028881696776223245,,,,32,256
PPO,8,11,0,9,36864,40960,5.676,273.35,4096,0.0028881696776223245,,,,32,256
PPO,8,12,0,0,0,4096,0.5763,32.77,4096,0.0010982058647968913,,,,32,256
PPO,8,12,0,1,4096,8192,1.1458,61.15,4096,0.0010982058647968913,,,,32,256
PPO,8,12,0,2,8192,12288,1.7015,83.28,4096,0.0010982058647968913,,,,32,256
PPO,8,12,0,3,12288,16384,2.2626,118.0,4096,0.0010982058647968913,,,,32,256
PPO,8,12,0,4,16384,20480,2.8298,155.29,4096,0.0010982058647968913,,,,32,256
PPO,8,12,0,5,20480,24576,3.4051,192.6,4096,0.0010982058647968913,,,,32,256
PPO,8,12,0,6,24576,28672,3.9587,228.49,4096,0.0010982058647968913,,,,32,256
PPO,8,12,0,7,28672,32768,4.5218,264.81,4096,0.0010982058647968913,,,,32,256
PPO,8,12,0,8,32768,36864,5.0861,299.48,4096,0.0010982058647968913,,,,32,256
PPO,8,12,0,9,36864,40960,5.643,333.14,4096,0.0010982058647968913,,,,32,256
PPO,8,12,0,10,40960,45056,6.1996,366.34,4096,0.0010982058647968913,,,,32,256
PPO,8,12,0,11,45056,49152,6.7618,396.47,4096,0.0010982058647968913,,,,32,256
PPO,8,12,0,12,49152,53248,7.3273,430.55,4096,0.0010982058647968913,,,,32,256
PPO,8,12,0,13,53248,57344,7.888,462.26,4096,0.0010982058647968913,,,,32,256
PPO,8,12,0,14,57344,61440,8.4483,487.04,4096,0.0010982058647968913,,,,32,256
PPO,8,13,0,0,0,4096,0.6484,32.62,4096,0.0007576023050442233,,,,32,256
PPO,8,13,0,1,4096,8192,1.2229,60.98,4096,0.0007576023050442233,,,,32,256
PPO,8,13,0,2,8192,12288,1.8148,83.77,4096,0.0007576023050442233,,,,32,256
PPO,8,13,0,3,12288,16384,2.3755,106.32,4096,0.0007576023050442233,,,,32,256
PPO,8,13,0,4,16384,20480,2.9344,143.09,4096,0.0007576023050442233,,,,32,256
PPO,8,13,0,5,20480,24576,3.4934,178.27,4096,0.0007576023050442233,,,,32,256
PPO,8,13,0,6,24576,28672,4.0538,213.71,4096,0.0007576023050442233,,,,32,256
PPO,8,13,0,7,28672,32768,4.6175,250.39,4096,0.0007576023050442233,,,,32,256
PPO,8,13,0,8,32768,36864,5.1823,285.38,4096,0.0007576023050442233,,,,32,256
PPO,8,13,0,9,36864,40960,5.732,320.85,4096,0.0007576023050442233,,,,32,256
PPO,8,13,0,10,40960,45056,6.282,352.94,4096,0.0007576023050442233,,,,32,256
PPO,8,13,0,11,45056,49152,6.8432,383.48,4096,0.0007576023050442233,,,,32,256
PPO,8,13,0,12,49152,53248,7.4053,414.39,4096,0.0007576023050442233,,,,32,256
PPO,8,13,0,13,53248,57344,7.9672,447.58,4096,0.0007576023050442233,,,,32,256
PPO,8,13,0,14,57344,61440,8.5287,473.08,4096,0.0007576023050442233,,,,32,256
PPO,8,13,0,15,61440,65536,9.0866,494.08,4096,0.0007576023050442233,,,,32,256
PPO,64,0,0,0,0,32256,2.456,65.73,32000,0.00010546166999735274,,,,8,512
PPO,64,0,0,1,32256,64512,4.8722,153.88,32000,0.00010546166999735274,,,,8,512
PPO,64,0,0,2,64512,96768,7.2895,210.17,32000,0.00010546166999735274,,,,8,512
PPO,64,0,0,3,96768,129024,9.6844,281.1,32000,0.00010546166999735274,,,,8,512
PPO,64,0,0,4,129024,161280,12.066,450.09,32000,0.00010546166999735274,,,,8,512
PPO,64,0,0,5,161280,193536,14.4492,500.0,32000,0.00010546166999735274,,,,8,512
PPO,64,1,0,0,0,32768,2.5476,68.47,32000,0.0007320023408181381,,,,128,8192
PPO,64,1,0,1,32768,65536,5.0208,190.11,32000,0.0007320023408181381,,,,128,8192
PPO,64,1,0,2,65536,98304,7.4773,309.7,32000,0.0007320023408181381,,,,128,8192
PPO,64,1,0,3,98304,131072,9.9049,447.69,32000,0.0007320023408181381,,,,128,8192
PPO,64,1,0,4,131072,163840,12.3307,500.0,32000,0.0007320023408181381,,,,128,8192
PPO,64,2,0,0,0,32256,2.4594,184.23,32000,0.0026181366410925606,,,,8,512
PPO,64,2,0,1,32256,64512,4.8963,413.11,32000,0.0026181366410925606,,,,8,512
PPO,64,2,0,2,64512,96768,7.3482,479.74,32000,0.0026181366410925606,,,,8,512
PPO,64,3,0,0,0,32768,2.4945,136.13,32000,0.0006462546697697723,,,,32,2048
PPO,64,3,0,1,32768,65536,4.9537,395.18,32000,0.0006462546697697723,,,,32,2048
PPO,64,3,0,2,65536,98304,7.3947,500.0,32000,0.0006462546697697723,,,,32,2048
PPO,64,4,0,0,0,32768,2.533,71.92,32000,0.0014696302385916072,,,,128,8192
PPO,64,4,0,1,32768,65536,4.9973,162.2,32000,0.0014696302385916072,,,,128,8192
PPO,64,5,0,0,0,32768,2.5298,74.28,32000,0.0015383511232987814,,,,128,8192
PPO,64,5,0,1,32768,65536,4.9913,182.39,32000,0.0015383511232987814,,,,128,8192
PPO,64,6,0,0,0,32768,2.5339,74.49,32000,0.0013062474545145334,,,,128,8192
PPO,64,6,0,1,32768,65536,5.0005,140.33,32000,0.0013062474545145334,,,,128,8192
PPO,64,7,0,0,0,32768,2.5309,68.64,32000,0.000526340342167725,,,,128,8192
PPO,64,7,0,1,32768,65536,4.983,181.06,32000,0.000526340342167725,,,,128,8192
PPO,1024,0,0,0,0,524288,34.3804,280.36,512000,0.00016071453229125538,,,,32,32768
PPO,1024,0,0,1,524288,1048576,68.763,500.0,512000,0.00016071453229125538,,,,32,32768
PPO,1024,1,0,0,0,516096,33.3715,321.26,512000,0.0003820960905136042,,,,8,8192
PPO,1024,1,0,1,516096,1032192,67.1139,500.0,512000,0.0003820960905136042,,,,8,8192
PPO,1024,2,0,0,0,524288,34.0017,108.9,512000,0.0002749216058785647,,,,128,131072
PPO,1024,2,0,1,524288,1048576,68.8384,193.54,512000,0.0002749216058785647,,,,128,131072
PPO,1024,2,0,2,1048576,1572864,103.3295,500.0,512000,0.0002749216058785647,,,,128,131072
PPO,1024,3,0,0,0,524288,33.9403,269.01,512000,0.001318242637804794,,,,32,32768
PPO,1024,3,0,1,524288,1048576,67.722,500.0,512000,0.001318242637804794,,,,32,32768
PPO,1024,4,0,0,0,524288,33.9883,121.74,512000,0.000802618861408409,,,,128,131072
PPO,1024,5,0,0,0,524288,33.9527,192.12,512000,0.002909177574783872,,,,32,32768
PPO,1024,6,0,0,0,524288,34.1952,293.93,512000,0.0007441545373838395,,,,32,32768
PPO,1024,6,0,1,524288,1048576,68.4585,500.0,512000,0.0007441545373838395,,,,32,32768
PPO,1024,7,0,0,0,524288,33.9949,285.81,512000,0.00021841176960803396,,,,32,32768
PPO,1024,7,0,1,524288,1048576,68.2221,500.0,512000,0.00021841176960803396,,,,32,32768
SAC,8,0,0,0,0,4096,3.1234,-1306.1008734162897,4096,0.0026956610822455093,1000,5,0.625,,
SAC,8,0,0,1,4096,8192,6.7315,-807.4887646842153,4096,0.0026956610822455093,1000,5,0.625,,
SAC,8,0,0,2,8192,12288,10.3361,-595.224368688924,4096,0.0026956610822455093,1000,5,0.625,,
SAC,8,0,0,3,12288,16384,13.9548,-489.4160314331411,4096,0.0026956610822455093,1000,5,0.625,,
SAC,8,0,0,4,16384,20480,17.5596,-420.7947505871607,4096,0.0026956610822455093,1000,5,0.625,,
SAC,8,0,0,5,20480,24576,21.163,-375.33565529466995,4096,0.0026956610822455093,1000,5,0.625,,
SAC,8,0,0,6,24576,28672,24.7646,-232.34539091616907,4096,0.0026956610822455093,1000,5,0.625,,
SAC,8,0,0,7,28672,32768,28.3758,-161.5512904143033,4096,0.0026956610822455093,1000,5,0.625,,
SAC,8,0,0,8,32768,36864,31.9853,-155.0977942664664,4096,0.0026956610822455093,1000,5,0.625,,
SAC,8,0,0,9,36864,40960,35.5924,-155.26904955012284,4096,0.0026956610822455093,1000,5,0.625,,
SAC,8,0,0,10,40960,45056,39.1994,-157.81904374097016,4096,0.0026956610822455093,1000,5,0.625,,
SAC,8,0,0,11,45056,49152,42.8038,-148.83219634266078,4096,0.0026956610822455093,1000,5,0.625,,
SAC,8,1,0,0,0,4096,0.2022,-1187.807518772781,4096,0.00011676888949792611,10000,2,0.25,,
SAC,8,1,0,1,4096,8192,0.3958,-1174.2946758903418,4096,0.00011676888949792611,10000,2,0.25,,
SAC,8,1,0,2,8192,12288,1.4161,-1204.9581912271387,4096,0.00011676888949792611,10000,2,0.25,,
SAC,8,1,0,3,12288,16384,3.0908,-1236.0000144067162,4096,0.00011676888949792611,10000,2,0.25,,
SAC,8,1,0,4,16384,20480,4.7611,-1176.2075668016164,4096,0.00011676888949792611,10000,2,0.25,,
SAC,8,1,0,5,20480,24576,6.4323,-1127.791545899497,4096,0.00011676888949792611,10000,2,0.25,,
SAC,8,1,0,6,24576,28672,8.099,-1029.4288418378706,4096,0.00011676888949792611,10000,2,0.25,,
SAC,8,1,0,7,28672,32768,9.7838,-886.9891786489778,4096,0.00011676888949792611,10000,2,0.25,,
SAC,8,1,0,8,32768,36864,11.4533,-709.7409071310233,4096,0.00011676888949792611,10000,2,0.25,,
SAC,8,1,0,9,36864,40960,13.128,-534.7646545150662,4096,0.00011676888949792611,10000,2,0.25,,
SAC,8,1,0,10,40960,45056,14.7979,-399.09724868271616,4096,0.00011676888949792611,10000,2,0.25,,
SAC,8,1,0,11,45056,49152,16.4657,-277.98064950847873,4096,0.00011676888949792611,10000,2,0.25,,
SAC,8,1,0,12,49152,53248,18.1367,-198.70935529271867,4096,0.00011676888949792611,10000,2,0.25,,
SAC,8,1,0,13,53248,57344,19.8071,-161.63727836946452,4096,0.00011676888949792611,10000,2,0.25,,
SAC,8,1,0,14,57344,61440,21.4814,-155.38684782267134,4096,0.00011676888949792611,10000,2,0.25,,
SAC,8,1,0,15,61440,65536,23.1537,-154.60382003661405,4096,0.00011676888949792611,10000,2,0.25,,
SAC,8,1,0,16,65536,69632,24.8304,-149.44212871504334,4096,0.00011676888949792611,10000,2,0.25,,
SAC,8,2,0,0,0,4096,0.2005,-1198.7954970951541,4096,0.00024552339797726306,10000,4,0.5,,
SAC,8,2,0,1,4096,8192,0.3937,-1207.2216951784503,4096,0.00024552339797726306,10000,4,0.5,,
SAC,8,2,0,2,8192,12288,2.1438,-1225.6968799746635,4096,0.00024552339797726306,10000,4,0.5,,
SAC,8,2,0,3,12288,16384,5.1299,-1175.3233594808953,4096,0.00024552339797726306,10000,4,0.5,,
SAC,8,2,0,4,16384,20480,8.0985,-1001.6160831902391,4096,0.00024552339797726306,10000,4,0.5,,
SAC,8,2,0,5,20480,24576,11.0672,-859.1905749666538,4096,0.00024552339797726306,10000,4,0.5,,
SAC,8,2,0,6,24576,28672,14.0392,-706.3993958136298,4096,0.00024552339797726306,10000,4,0.5,,
SAC,8,2,0,7,28672,32768,17.0602,-540.1575946391007,4096,0.00024552339797726306,10000,4,0.5,,
SAC,8,2,0,8,32768,36864,20.0429,-353.7729261317243,4096,0.00024552339797726306,10000,4,0.5,,
SAC,8,2,0,9,36864,40960,23.0141,-206.56012805359669,4096,0.00024552339797726306,10000,4,0.5,,
SAC,8,2,0,10,40960,45056,25.9939,-165.09487692232028,4096,0.00024552339797726306,10000,4,0.5,,
SAC,8,2,0,11,45056,49152,28.9627,-148.89676900030355,4096,0.00024552339797726306,10000,4,0.5,,
SAC,8,3,0,0,0,4096,3.2944,-1233.4875007532537,4096,0.0006635074809257028,1000,6,0.75,,
SAC,8,3,0,1,4096,8192,7.5692,-739.430207668378,4096,0.0006635074809257028,1000,6,0.75,,
SAC,8,3,0,2,8192,12288,11.8428,-550.9239240611814,4096,0.0006635074809257028,1000,6,0.75,,
SAC,8,3,0,3,12288,16384,16.1185,-452.76785019535214,4096,0.0006635074809257028,1000,6,0.75,,
SAC,8,3,0,4,16384,20480,20.3945,-391.97613493186054,4096,0.0006635074809257028,1000,6,0.75,,
SAC,8,3,0,5,20480,24576,24.6694,-352.33312690500026,4096,0.0006635074809257028,1000,6,0.75,,
SAC,8,3,0,6,24576,28672,28.9426,-215.43296637199984,4096,0.0006635074809257028,1000,6,0.75,,
SAC,8,3,0,7,28672,32768,33.2154,-161.6932051751182,4096,0.0006635074809257028,1000,6,0.75,,
SAC,8,3,0,8,32768,36864,37.5004,-153.4132214875018,4096,0.0006635074809257028,1000,6,0.75,,
SAC,8,3,0,9,36864,40960,41.7751,-154.29487998672687,4096,0.0006635074809257028,1000,6,0.75,,
SAC,8,3,0,10,40960,45056,46.0519,-157.08706054130064,4096,0.0006635074809257028,1000,6,0.75,,
SAC,8,3,0,11,45056,49152,50.3256,-146.5137139853158,4096,0.0006635074809257028,1000,6,0.75,,
SAC,8,4,0,0,0,4096,0.1974,-1221.89095872303,4096,0.0012714827768587145,10000,1,0.125,,
SAC,8,4,0,1,4096,8192,0.3873,-1211.9372877565183,4096,0.0012714827768587145,10000,1,0.125,,
SAC,8,4,0,2,8192,12288,1.0376,-1213.7278418071135,4096,0.0012714827768587145,10000,1,0.125,,
SAC,8,4,0,3,12288,16384,2.0512,-1308.0460828743317,4096,0.0012714827768587145,10000,1,0.125,,
SAC,8,4,0,4,16384,20480,3.0706,-1298.1214042913903,4096,0.0012714827768587145,10000,1,0.125,,
SAC,8,4,0,5,20480,24576,4.0845,-1229.6897773413882,4096,0.0012714827768587145,10000,1,0.125,,
SAC,8,4,0,6,24576,28672,5.1072,-1094.46732473437,4096,0.0012714827768587145,10000,1,0.125,,
SAC,8,4,0,7,28672,32768,6.1234,-954.925402962006,4096,0.0012714827768587145,10000,1,0.125,,
SAC,8,4,0,8,32768,36864,7.1444,-773.0175617353393,4096,0.0012714827768587145,10000,1,0.125,,
SAC,8,4,0,9,36864,40960,8.1614,-574.2076820859605,4096,0.0012714827768587145,10000,1,0.125,,
SAC,8,5,0,0,0,4096,0.8212,-1252.299912801769,4096,0.00039722214344607124,1000,1,0.125,,
SAC,8,5,0,1,4096,8192,1.8523,-1282.7103119278563,4096,0.00039722214344607124,1000,1,0.125,,
SAC,8,5,0,2,8192,12288,2.8709,-1265.6270156967767,4096,0.00039722214344607124,1000,1,0.125,,
SAC,8,5,0,3,12288,16384,3.8894,-1172.9475491946114,4096,0.00039722214344607124,1000,1,0.125,,
SAC,8,5,0,4,16384,20480,4.91,-1065.1839877681346,4096,0.00039722214344607124,1000,1,0.125,,
SAC,8,5,0,5,20480,24576,5.9339,-999.363830876503,4096,0.00039722214344607124,1000,1,0.125,,
SAC,8,5,0,6,24576,28672,6.9504,-865.8842264461034,4096,0.00039722214344607124,1000,1,0.125,,
SAC,8,5,0,7,28672,32768,7.9686,-696.5800516263033,4096,0.00039722214344607124,1000,1,0.125,,
SAC,8,5,0,8,32768,36864,8.9859,-510.55458238484346,4096,0.00039722214344607124,1000,1,0.125,,
SAC,8,5,0,9,36864,40960,10.0057,-382.01064818813336,4096,0.00039722214344607124,1000,1,0.125,,
SAC,8,6,0,0,0,4096,0.1949,-1153.3999924859536,4096,0.0011825173557578118,10000,5,0.625,,
SAC,8,6,0,1,4096,8192,0.3901,-1182.0086981075806,4096,0.0011825173557578118,10000,5,0.625,,
SAC,8,6,0,2,8192,12288,2.4975,-1230.8915649422904,4096,0.0011825173557578118,10000,5,0.625,,
SAC,8,6,0,3,12288,16384,6.0992,-1020.6092404453581,4096,0.0011825173557578118,10000,5,0.625,,
SAC,8,6,0,4,16384,20480,9.7201,-845.74476214203,4096,0.0011825173557578118,10000,5,0.625,,
SAC,8,6,0,5,20480,24576,13.3392,-728.8823941774659,4096,0.0011825173557578118,10000,5,0.625,,
SAC,8,6,0,6,24576,28672,16.9511,-582.6859514975379,4096,0.0011825173557578118,10000,5,0.625,,
SAC,8,6,0,7,28672,32768,20.5629,-424.3215041061066,4096,0.0011825173557578118,10000,5,0.625,,
SAC,8,6,0,8,32768,36864,24.1758,-231.8381284218538,4096,0.0011825173557578118,10000,5,0.625,,
SAC,8,6,0,9,36864,40960,27.8084,-153.01055869686567,4096,0.0011825173557578118,10000,5,0.625,,
SAC,8,6,0,10,40960,45056,31.4291,-154.11907015095701,4096,0.0011825173557578118,10000,5,0.625,,
SAC,8,6,0,11,45056,49152,35.0379,-145.22658193995096,4096,0.0011825173557578118,10000,5,0.625,,
SAC,8,7,0,0,0,4096,0.1975,-1264.398856990796,4096,0.00010690284709618682,10000,1,0.125,,
SAC,8,7,0,1,4096,8192,0.39,-1269.5193312651827,4096,0.00010690284709618682,10000,1,0.125,,
SAC,8,7,0,2,8192,12288,1.0414,-1252.1669781792832,4096,0.00010690284709618682,10000,1,0.125,,
SAC,8,7,0,3,12288,16384,2.0577,-1258.2975877282734,4096,0.00010690284709618682,10000,1,0.125,,
SAC,8,7,0,4,16384,20480,3.0798,-1268.312734383461,4096,0.00010690284709618682,10000,1,0.125,,
SAC,8,7,0,5,20480,24576,4.0942,-1239.4935765830062,4096,0.00010690284709618682,10000,1,0.125,,
SAC,8,7,0,6,24576,28672,5.1104,-1205.363990220921,4096,0.00010690284709618682,10000,1,0.125,,
SAC,8,7,0,7,28672,32768,6.1284,-1177.5665357300452,4096,0.00010690284709618682,10000,1,0.125,,
SAC,8,7,0,8,32768,36864,7.145,-1140.5480576212767,4096,0.00010690284709618682,10000,1,0.125,,
SAC,8,7,0,9,36864,40960,8.1649,-1092.487257774563,4096,0.00010690284709618682,10000,1,0.125,,
SAC,64,0,0,0,0,12800,2.1628,-1220.67861447647,12800,0.0008498447276495116,5000,13,0.203125,,
SAC,64,0,0,1,12800,25600,5.6197,-631.9165306108875,12800,0.0008498447276495116,5000,13,0.203125,,
SAC,64,0,0,2,25600,38400,9.08,-190.18225291020258,12800,0.0008498447276495116,5000,13,0.203125,,
SAC,64,0,0,3,38400,51200,12.5397,-181.6576791478088,12800,0.0008498447276495116,5000,13,0.203125,,
SAC,64,0,0,4,51200,64000,16.0006,-179.82223560356056,12800,0.0008498447276495116,5000,13,0.203125,,
SAC,64,0,0,5,64000,76800,19.4604,-148.28538888446488,12800,0.0008498447276495116,5000,13,0.203125,,
SAC,64,1,0,0,0,12800,1.4362,-1226.113552759958,12800,0.00023945661258559331,10000,24,0.375,,
SAC,64,1,0,1,12800,25600,7.6388,-847.7767071787383,12800,0.00023945661258559331,10000,24,0.375,,
SAC,64,1,0,2,25600,38400,13.8351,-323.1258398402526,12800,0.00023945661258559331,10000,24,0.375,,
SAC,64,1,0,3,38400,51200,20.0412,-154.31766543305142,12800,0.00023945661258559331,10000,24,0.375,,
SAC,64,1,0,4,51200,64000,26.2585,-158.67109522353437,12800,0.00023945661258559331,10000,24,0.375,,
SAC,64,1,0,5,64000,76800,32.4997,-148.85898609623968,12800,0.00023945661258559331,10000,24,0.375,,
SAC,64,2,0,0,0,12800,0.1561,-1249.7897957489904,12800,0.0029155662743200633,10000,1,0.015625,,
SAC,64,2,0,1,12800,25600,0.5567,-1192.1726735354466,12800,0.0029155662743200633,10000,1,0.015625,,
SAC,64,2,0,2,25600,38400,0.9555,-1265.0681535180192,12800,0.0029155662743200633,10000,1,0.015625,,
SAC,64,2,0,3,38400,51200,1.3555,-1375.8097477565798,12800,0.0029155662743200633,10000,1,0.015625,,
SAC,64,2,0,4,51200,64000,1.756,-1381.1147639834228,12800,0.0029155662743200633,10000,1,0.015625,,
SAC,64,2,0,5,64000,76800,2.1569,-1261.8820358800515,12800,0.0029155662743200633,10000,1,0.015625,,
SAC,64,2,0,6,76800,89600,2.5564,-1020.5210035153508,12800,0.0029155662743200633,10000,1,0.015625,,
SAC,64,2,0,7,89600,102400,2.9572,-762.8768033432623,12800,0.0029155662743200633,10000,1,0.015625,,
SAC,64,2,0,8,102400,115200,3.3609,-635.8433957737786,12800,0.0029155662743200633,10000,1,0.015625,,
SAC,64,2,0,9,115200,128000,3.762,-498.8911518467559,12800,0.0029155662743200633,10000,1,0.015625,,
SAC,64,2,0,10,128000,140800,4.1645,-431.73755683181656,12800,0.0029155662743200633,10000,1,0.015625,,
SAC,64,2,0,11,140800,153600,4.5659,-524.7404870997915,12800,0.0029155662743200633,10000,1,0.015625,,
SAC,64,2,0,12,153600,166400,4.969,-400.3882382173248,12800,0.0029155662743200633,10000,1,0.015625,,
SAC,64,2,0,13,166400,179200,5.3711,-229.77115820007822,12800,0.0029155662743200633,10000,1,0.015625,,
SAC,64,2,0,14,179200,192000,5.772,-160.4623330855917,12800,0.0029155662743200633,10000,1,0.015625,,
SAC,64,2,0,15,192000,204800,6.1736,-155.08587092867742,12800,0.0029155662743200633,10000,1,0.015625,,
SAC,64,2,0,16,204800,217600,6.5754,-158.47066173859383,12800,0.0029155662743200633,10000,1,0.015625,,
SAC,64,2,0,17,217600,230400,6.9777,-151.3353970453545,12800,0.0029155662743200633,10000,1,0.015625,,
SAC,64,2,0,18,230400,243200,7.3797,-161.05382353888183,12800,0.0029155662743200633,10000,1,0.015625,,
SAC,64,2,0,19,243200,256000,7.7971,-168.133317931417,12800,0.0029155662743200633,10000,1,0.015625,,
SAC,64,2,0,20,256000,268800,8.1989,-156.6317655514113,12800,0.0029155662743200633,10000,1,0.015625,,
SAC,64,2,0,21,268800,281600,8.6003,-145.64573974545186,12800,0.0029155662743200633,10000,1,0.015625,,
SAC,64,3,0,0,0,12800,5.9839,-631.3366699492308,12800,0.0028433787422611507,1000,25,0.390625,,
SAC,64,3,0,1,12800,25600,12.4373,-313.3455765721908,12800,0.0028433787422611507,1000,25,0.390625,,
SAC,64,3,0,2,25600,38400,18.8998,-151.31156446477328,12800,0.0028433787422611507,1000,25,0.390625,,
SAC,64,3,0,3,38400,51200,25.3787,-154.03512002637302,12800,0.0028433787422611507,1000,25,0.390625,,
SAC,64,3,0,4,51200,64000,31.8376,-157.02693656066194,12800,0.0028433787422611507,1000,25,0.390625,,
SAC,64,3,0,5,64000,76800,38.3077,-155.15871080856252,12800,0.0028433787422611507,1000,25,0.390625,,
SAC,64,4,0,0,0,12800,2.7575,-1181.821935697255,12800,0.0007150714762920758,1000,11,0.171875,,
SAC,64,4,0,1,12800,25600,5.7015,-657.4162661196417,12800,0.0007150714762920758,1000,11,0.171875,,
SAC,64,4,0,2,25600,38400,8.6612,-205.76850292940472,12800,0.0007150714762920758,1000,11,0.171875,,
SAC,64,4,0,3,38400,51200,11.6238,-148.22068895965265,12800,0.0007150714762920758,1000,11,0.171875,,
SAC,64,5,0,0,0,12800,0.3225,-1203.2528533377772,12800,0.0008118653398936086,10000,4,0.0625,,
SAC,64,5,0,1,12800,25600,1.4882,-1315.0366734887555,12800,0.0008118653398936086,10000,4,0.0625,,
SAC,64,5,0,2,25600,38400,2.6536,-1144.6418739955743,12800,0.0008118653398936086,10000,4,0.0625,,
SAC,64,5,0,3,38400,51200,3.82,-818.6403930028223,12800,0.0008118653398936086,10000,4,0.0625,,
SAC,64,6,0,0,0,12800,0.1514,-1218.3495870705601,12800,0.0024033980360338505,10000,1,0.015625,,
SAC,64,6,0,1,12800,25600,0.5504,-1175.2421065778385,12800,0.0024033980360338505,10000,1,0.015625,,
SAC,64,6,0,2,25600,38400,0.9516,-1369.0900806915597,12800,0.0024033980360338505,10000,1,0.015625,,
SAC,64,6,0,3,38400,51200,1.3515,-1573.8783192593767,12800,0.0024033980360338505,10000,1,0.015625,,
SAC,64,7,0,0,0,12800,0.8473,-1251.6893344287091,12800,0.00023521239343159982,1000,3,0.046875,,
SAC,64,7,0,1,12800,25600,1.7553,-1344.5440759381925,12800,0.00023521239343159982,1000,3,0.046875,,
SAC,64,7,0,2,25600,38400,2.6661,-1247.7299825880018,12800,0.00023521239343159982,1000,3,0.046875,,
SAC,64,7,0,3,38400,51200,3.5739,-1030.2437306790346,12800,0.00023521239343159982,1000,3,0.046875,,
SAC,1024,0,0,0,0,204800,1.2163,-1330.4102741873683,204800,0.0029222814931925524,1024,4,0.00390625,,
SAC,1024,0,0,1,204800,409600,2.4246,-1007.0371924468932,204800,0.0029222814931925524,1024,4,0.00390625,,
SAC,1024,0,0,2,409600,614400,3.6236,-558.6622727251327,204800,0.0029222814931925524,1024,4,0.00390625,,
SAC,1024,0,0,3,614400,819200,4.8569,-210.91665562300105,204800,0.0029222814931925524,1024,4,0.00390625,,
SAC,1024,0,0,4,819200,1024000,6.0537,-212.87370665870773,204800,0.0029222814931925524,1024,4,0.00390625,,
SAC,1024,0,0,5,1024000,1228800,7.2487,-309.02604855383254,204800,0.0029222814931925524,1024,4,0.00390625,,
SAC,1024,0,0,6,1228800,1433600,8.4453,-182.68904333580133,204800,0.0029222814931925524,1024,4,0.00390625,,
SAC,1024,0,0,7,1433600,1638400,9.6408,-185.05302633941616,204800,0.0029222814931925524,1024,4,0.00390625,,
SAC,1024,0,0,8,1638400,1843200,10.8501,-156.02879021007945,204800,0.0029222814931925524,1024,4,0.00390625,,
SAC,1024,0,0,9,1843200,2048000,12.0466,-170.35830436209886,204800,0.0029222814931925524,1024,4,0.00390625,,
SAC,1024,0,0,10,2048000,2252800,13.2397,-145.41168093131873,204800,0.0029222814931925524,1024,4,0.00390625,,
SAC,1024,1,0,0,0,204800,2.6073,-1194.5851314240472,204800,0.0004067943503634786,10000,10,0.009765625,,
SAC,1024,1,0,1,204800,409600,5.3306,-599.3120765523207,204800,0.0004067943503634786,10000,10,0.009765625,,
SAC,1024,1,0,2,409600,614400,8.0581,-164.8307347016593,204800,0.0004067943503634786,10000,10,0.009765625,,
SAC,1024,1,0,3,614400,819200,10.7806,-330.88684451018213,204800,0.0004067943503634786,10000,10,0.009765625,,
SAC,1024,1,0,4,819200,1024000,13.4996,-184.73645199917536,204800,0.0004067943503634786,10000,10,0.009765625,,
SAC,1024,1,0,5,1024000,1228800,16.2224,-177.2125664088795,204800,0.0004067943503634786,10000,10,0.009765625,,
SAC,1024,1,0,6,1228800,1433600,18.9406,-182.33448935700886,204800,0.0004067943503634786,10000,10,0.009765625,,
SAC,1024,1,0,7,1433600,1638400,21.6663,-152.25126471571858,204800,0.0004067943503634786,10000,10,0.009765625,,
SAC,1024,1,0,8,1638400,1843200,24.3901,-160.07323807650778,204800,0.0004067943503634786,10000,10,0.009765625,,
SAC,1024,1,0,9,1843200,2048000,27.1152,-146.2099871041077,204800,0.0004067943503634786,10000,10,0.009765625,,
SAC,1024,2,0,0,0,204800,0.4385,-1223.5707574983173,204800,0.00014520915027194098,10000,1,0.0009765625,,
SAC,1024,2,0,1,204800,409600,0.8669,-1235.9711462556734,204800,0.00014520915027194098,10000,1,0.0009765625,,
SAC,1024,2,0,2,409600,614400,1.2945,-1236.473102362835,204800,0.00014520915027194098,10000,1,0.0009765625,,
SAC,1024,2,0,3,614400,819200,1.7212,-1272.407130840004,204800,0.00014520915027194098,10000,1,0.0009765625,,
SAC,1024,2,0,4,819200,1024000,2.1496,-1298.759951938378,204800,0.00014520915027194098,10000,1,0.0009765625,,
SAC,1024,2,0,5,1024000,1228800,2.5767,-1283.0604481215134,204800,0.00014520915027194098,10000,1,0.0009765625,,
SAC,1024,2,0,6,1228800,1433600,3.004,-1175.206995058255,204800,0.00014520915027194098,10000,1,0.0009765625,,
SAC,1024,2,0,7,1433600,1638400,3.43,-1089.6674536570674,204800,0.00014520915027194098,10000,1,0.0009765625,,
SAC,1024,2,0,8,1638400,1843200,3.8568,-1027.4830768554875,204800,0.00014520915027194098,10000,1,0.0009765625,,
SAC,1024,2,0,9,1843200,2048000,4.2847,-1039.85590893608,204800,0.00014520915027194098,10000,1,0.0009765625,,
SAC,1024,2,0,10,2048000,2252800,4.7119,-1011.3200821310579,204800,0.00014520915027194098,10000,1,0.0009765625,,
SAC,1024,2,0,11,2252800,2457600,5.1394,-975.3474952841789,204800,0.00014520915027194098,10000,1,0.0009765625,,
SAC,1024,2,0,12,2457600,2662400,5.5681,-928.1977828230484,204800,0.00014520915027194098,10000,1,0.0009765625,,
SAC,1024,2,0,13,2662400,2867200,5.995,-833.7987609869983,204800,0.00014520915027194098,10000,1,0.0009765625,,
SAC,1024,2,0,14,2867200,3072000,6.4221,-888.0332247079074,204800,0.00014520915027194098,10000,1,0.0009765625,,
SAC,1024,2,0,15,3072000,3276800,6.8504,-797.5429643110541,204800,0.00014520915027194098,10000,1,0.0009765625,,
SAC,1024,2,0,16,3276800,3481600,7.279,-815.4379270823754,204800,0.00014520915027194098,10000,1,0.0009765625,,
SAC,1024,2,0,17,3481600,3686400,7.7065,-801.0536677854861,204800,0.00014520915027194098,10000,1,0.0009765625,,
SAC,1024,2,0,18,3686400,3891200,8.1345,-767.0105630205834,204800,0.00014520915027194098,10000,1,0.0009765625,,
SAC,1024,2,0,19,3891200,4096000,8.5616,-664.4671491807667,204800,0.00014520915027194098,10000,1,0.0009765625,,
SAC,1024,2,0,20,4096000,4300800,9.0061,-507.8944471381078,204800,0.00014520915027194098,10000,1,0.0009765625,,
SAC,1024,2,0,21,4300800,4505600,9.4335,-319.5029124171939,204800,0.00014520915027194098,10000,1,0.0009765625,,
SAC,1024,2,0,22,4505600,4710400,9.8585,-365.50733619000806,204800,0.00014520915027194098,10000,1,0.0009765625,,
SAC,1024,2,0,23,4710400,4915200,10.2871,-334.83389232275016,204800,0.00014520915027194098,10000,1,0.0009765625,,
SAC,1024,2,0,24,4915200,5120000,10.715,-337.3073646840322,204800,0.00014520915027194098,10000,1,0.0009765625,,
SAC,1024,2,0,25,5120000,5324800,11.1427,-342.9601640329098,204800,0.00014520915027194098,10000,1,0.0009765625,,
SAC,1024,2,0,26,5324800,5529600,11.5713,-541.1711427402322,204800,0.00014520915027194098,10000,1,0.0009765625,,
SAC,1024,2,0,27,5529600,5734400,11.9981,-1024.4520079058448,204800,0.00014520915027194098,10000,1,0.0009765625,,
SAC,1024,2,0,28,5734400,5939200,12.4254,-486.44511497902124,204800,0.00014520915027194098,10000,1,0.0009765625,,
SAC,1024,2,0,29,5939200,6144000,12.853,-399.9631375820711,204800,0.00014520915027194098,10000,1,0.0009765625,,
SAC,1024,2,0,30,6144000,6348800,13.281,-270.74759259733656,204800,0.00014520915027194098,10000,1,0.0009765625,,
SAC,1024,2,0,31,6348800,6553600,13.7091,-323.3392635656555,204800,0.00014520915027194098,10000,1,0.0009765625,,
SAC,1024,2,0,32,6553600,6758400,14.137,-226.2126043414617,204800,0.00014520915027194098,10000,1,0.0009765625,,
SAC,1024,2,0,33,6758400,6963200,14.5637,-252.5772265457651,204800,0.00014520915027194098,10000,1,0.0009765625,,
SAC,1024,2,0,34,6963200,7168000,14.9906,-421.22078837005813,204800,0.00014520915027194098,10000,1,0.0009765625,,
SAC,1024,2,0,35,7168000,7372800,15.42,-770.6963017799573,204800,0.00014520915027194098,10000,1,0.0009765625,,
SAC,1024,2,0,36,7372800,7577600,15.8476,-731.4398819111631,204800,0.00014520915027194098,10000,1,0.0009765625,,
SAC,1024,2,0,37,7577600,7782400,16.3622,-330.6305348492294,204800,0.00014520915027194098,10000,1,0.0009765625,,
SAC,1024,2,0,38,7782400,7987200,16.791,-257.2809000286135,204800,0.00014520915027194098,10000,1,0.0009765625,,
SAC,1024,2,0,39,7987200,8192000,17.2203,-252.59027636716274,204800,0.00014520915027194098,10000,1,0.0009765625,,
SAC,1024,2,0,40,8192000,8396800,17.648,-262.84298671982475,204800,0.00014520915027194098,10000,1,0.0009765625,,
SAC,1024,2,0,41,8396800,8601600,18.0787,-257.8941803378667,204800,0.00014520915027194098,10000,1,0.0009765625,,
SAC,1024,2,0,42,8601600,8806400,18.5073,-398.1063404114061,204800,0.00014520915027194098,10000,1,0.0009765625,,
SAC,1024,2,0,43,8806400,9011200,18.9345,-293.2283846821858,204800,0.00014520915027194098,10000,1,0.0009765625,,
SAC,1024,2,0,44,9011200,9216000,19.3614,-219.97473654659905,204800,0.00014520915027194098,10000,1,0.0009765625,,
SAC,1024,2,0,45,9216000,9420800,19.7888,-204.86126163395346,204800,0.00014520915027194098,10000,1,0.0009765625,,
SAC,1024,2,0,46,9420800,9625600,20.2149,-243.1162576696965,204800,0.00014520915027194098,10000,1,0.0009765625,,
SAC,1024,2,0,47,9625600,9830400,20.6433,-276.30119139600214,204800,0.00014520915027194098,10000,1,0.0009765625,,
SAC,1024,2,0,48,9830400,10035200,21.0709,-450.91530805737835,204800,0.00014520915027194098,10000,1,0.0009765625,,
SAC,1024,2,0,49,10035200,10240000,21.4974,-306.5704307567753,204800,0.00014520915027194098,10000,1,0.0009765625,,
SAC,1024,2,0,50,10240000,10444800,21.9232,-261.74835033065114,204800,0.00014520915027194098,10000,1,0.0009765625,,
SAC,1024,2,0,51,10444800,10649600,22.3514,-314.27529956020635,204800,0.00014520915027194098,10000,1,0.0009765625,,
SAC,1024,2,0,52,10649600,10854400,22.7788,-457.61149268099115,204800,0.00014520915027194098,10000,1,0.0009765625,,
SAC,1024,2,0,53,10854400,11059200,23.2073,-249.48584552144183,204800,0.00014520915027194098,10000,1,0.0009765625,,
SAC,1024,2,0,54,11059200,11264000,23.6351,-521.9024244263159,204800,0.00014520915027194098,10000,1,0.0009765625,,
SAC,1024,2,0,55,11264000,11468800,24.0631,-663.8019608877493,204800,0.00014520915027194098,10000,1,0.0009765625,,
SAC,1024,2,0,56,11468800,11673600,24.5055,-320.1306483141707,204800,0.00014520915027194098,10000,1,0.0009765625,,
SAC,1024,2,0,57,11673600,11878400,24.9341,-192.39506740825186,204800,0.00014520915027194098,10000,1,0.0009765625,,
SAC,1024,2,0,58,11878400,12083200,25.3798,-201.10578371123495,204800,0.00014520915027194098,10000,1,0.0009765625,,
SAC,1024,2,0,59,12083200,12288000,25.8093,-213.68867082742523,204800,0.00014520915027194098,10000,1,0.0009765625,,
SAC,1024,2,0,60,12288000,12492800,26.2375,-190.656468642923,204800,0.00014520915027194098,10000,1,0.0009765625,,
SAC,1024,2,0,61,12492800,12697600,26.6661,-169.37223966693804,204800,0.00014520915027194098,10000,1,0.0009765625,,
SAC,1024,2,0,62,12697600,12902400,27.094,-181.11844754707107,204800,0.00014520915027194098,10000,1,0.0009765625,,
SAC,1024,2,0,63,12902400,13107200,27.522,-179.69937307037918,204800,0.00014520915027194098,10000,1,0.0009765625,,
SAC,1024,2,0,64,13107200,13312000,27.9511,-157.52181129458688,204800,0.00014520915027194098,10000,1,0.0009765625,,
SAC,1024,2,0,65,13312000,13516800,28.3796,-145.88978684388067,204800,0.00014520915027194098,10000,1,0.0009765625,,
SAC,1024,3,0,0,0,204800,0.4123,-1180.229702655446,204800,0.0022444267786240826,10000,1,0.0009765625,,
SAC,1024,3,0,1,204800,409600,0.8399,-1205.2555936939932,204800,0.0022444267786240826,10000,1,0.0009765625,,
SAC,1024,4,0,0,0,204800,0.4235,-1203.8546837845026,204800,0.0010687523135858971,5000,1,0.0009765625,,
SAC,1024,4,0,1,204800,409600,0.8517,-1254.466800364759,204800,0.0010687523135858971,5000,1,0.0009765625,,
SAC,1024,5,0,0,0,204800,5.6555,-712.1313251595806,204800,0.0005592839915175718,5000,22,0.021484375,,
SAC,1024,5,0,1,204800,409600,11.4877,-204.0596023432745,204800,0.0005592839915175718,5000,22,0.021484375,,
SAC,1024,5,0,2,409600,614400,17.3266,-198.21415608834326,204800,0.0005592839915175718,5000,22,0.021484375,,
SAC,1024,5,0,3,614400,819200,23.2485,-153.73644364330102,204800,0.0005592839915175718,5000,22,0.021484375,,
SAC,1024,5,0,4,819200,1024000,29.2351,-167.56518702581408,204800,0.0005592839915175718,5000,22,0.021484375,,
SAC,1024,5,0,5,1024000,1228800,35.2687,-144.11482534864103,204800,0.0005592839915175718,5000,22,0.021484375,,
SAC,1024,6,0,0,0,204800,2.3341,-1216.226905950848,204800,0.0002175187752828942,5000,8,0.0078125,,
SAC,1024,7,0,0,0,204800,1.2536,-1231.869091593686,204800,0.0003314531194224398,1024,4,0.00390625,,
TD3,8,0,0,0,0,4096,0.1982,-1248.930941275321,4096,0.0004926378481560841,10000,5,0.625,,
TD3,8,0,0,1,4096,8192,0.3915,-1243.7489423005281,4096,0.0004926378481560841,10000,5,0.625,,
TD3,8,0,0,2,8192,12288,2.3249,-1272.031313563908,4096,0.0004926378481560841,10000,5,0.625,,
TD3,8,0,0,3,12288,16384,5.6054,-1217.7051269050426,4096,0.0004926378481560841,10000,5,0.625,,
TD3,8,0,0,4,16384,20480,8.9066,-1033.1983504099667,4096,0.0004926378481560841,10000,5,0.625,,
TD3,8,0,0,5,20480,24576,12.2101,-885.6929275239071,4096,0.0004926378481560841,10000,5,0.625,,
TD3,8,0,0,6,24576,28672,15.5343,-723.3161877623527,4096,0.0004926378481560841,10000,5,0.625,,
TD3,8,0,0,7,28672,32768,18.9043,-557.6704235498896,4096,0.0004926378481560841,10000,5,0.625,,
TD3,8,0,0,8,32768,36864,22.3037,-360.8456904176533,4096,0.0004926378481560841,10000,5,0.625,,
TD3,8,0,0,9,36864,40960,25.7003,-203.60719014516096,4096,0.0004926378481560841,10000,5,0.625,,
TD3,8,0,0,10,40960,45056,29.1988,-156.95562705353265,4096,0.0004926378481560841,10000,5,0.625,,
TD3,8,0,0,11,45056,49152,32.5883,-148.88087041258083,4096,0.0004926378481560841,10000,5,0.625,,
TD3,8,1,0,0,0,4096,0.1938,-1277.1981548053445,4096,0.0012190190187760875,5000,1,0.125,,
TD3,8,1,0,1,4096,8192,0.9826,-1299.0810862569197,4096,0.0012190190187760875,5000,1,0.125,,
TD3,8,1,0,2,8192,12288,1.9317,-1366.3435032005461,4096,0.0012190190187760875,5000,1,0.125,,
TD3,8,1,0,3,12288,16384,2.8802,-1389.4790960063256,4096,0.0012190190187760875,5000,1,0.125,,
TD3,8,1,0,4,16384,20480,3.8231,-1390.6709298202302,4096,0.0012190190187760875,5000,1,0.125,,
TD3,8,1,0,5,20480,24576,4.7676,-1361.4755420343038,4096,0.0012190190187760875,5000,1,0.125,,
TD3,8,1,0,6,24576,28672,5.7103,-1247.3051423283503,4096,0.0012190190187760875,5000,1,0.125,,
TD3,8,1,0,7,28672,32768,6.6534,-1127.287401817966,4096,0.0012190190187760875,5000,1,0.125,,
TD3,8,1,0,8,32768,36864,7.5967,-921.3511993592952,4096,0.0012190190187760875,5000,1,0.125,,
TD3,8,1,0,9,36864,40960,8.5423,-723.1369779588748,4096,0.0012190190187760875,5000,1,0.125,,
TD3,8,1,0,10,40960,45056,9.4857,-535.6335618343802,4096,0.0012190190187760875,5000,1,0.125,,
TD3,8,1,0,11,45056,49152,10.4284,-340.45379822554315,4096,0.0012190190187760875,5000,1,0.125,,
TD3,8,1,0,12,49152,53248,11.3763,-244.40604294287724,4096,0.0012190190187760875,5000,1,0.125,,
TD3,8,1,0,13,53248,57344,12.3219,-191.78280147201795,4096,0.0012190190187760875,5000,1,0.125,,
TD3,8,1,0,14,57344,61440,13.2653,-169.21840951444864,4096,0.0012190190187760875,5000,1,0.125,,
TD3,8,1,0,15,61440,65536,14.2105,-163.79264309244093,4096,0.0012190190187760875,5000,1,0.125,,
TD3,8,1,0,16,65536,69632,15.157,-148.5995208196438,4096,0.0012190190187760875,5000,1,0.125,,
TD3,8,2,0,0,0,4096,0.1897,-1215.9856121817138,4096,0.001468502685701339,5000,8,1.0,,
TD3,8,2,0,1,4096,8192,4.1746,-1234.5309057066333,4096,0.001468502685701339,5000,8,1.0,,
TD3,8,2,0,2,8192,12288,9.2544,-912.950232535647,4096,0.001468502685701339,5000,8,1.0,,
TD3,8,2,0,3,12288,16384,14.4935,-729.813802760156,4096,0.001468502685701339,5000,8,1.0,,
TD3,8,2,0,4,16384,20480,19.6354,-612.4584190733306,4096,0.001468502685701339,5000,8,1.0,,
TD3,8,2,0,5,20480,24576,24.7133,-534.761276618864,4096,0.001468502685701339,5000,8,1.0,,
TD3,8,2,0,6,24576,28672,29.7782,-392.10376366997167,4096,0.001468502685701339,5000,8,1.0,,
TD3,8,2,0,7,28672,32768,34.85,-219.39251522658654,4096,0.001468502685701339,5000,8,1.0,,
TD3,8,2,0,8,32768,36864,39.9124,-154.2653138648595,4096,0.001468502685701339,5000,8,1.0,,
TD3,8,2,0,9,36864,40960,44.9635,-152.4150038211515,4096,0.001468502685701339,5000,8,1.0,,
TD3,8,2,0,10,40960,45056,50.01,-154.67680585373736,4096,0.001468502685701339,5000,8,1.0,,
TD3,8,2,0,11,45056,49152,55.1091,-147.51064090076497,4096,0.001468502685701339,5000,8,1.0,,
TD3,8,3,0,0,0,4096,0.1897,-1243.1734478618218,4096,0.0020798375303592675,5000,8,1.0,,
TD3,8,3,0,1,4096,8192,4.1316,-1267.1338667382906,4096,0.0020798375303592675,5000,8,1.0,,
TD3,8,3,0,2,8192,12288,9.126,-923.5535494881278,4096,0.0020798375303592675,5000,8,1.0,,
TD3,8,3,0,3,12288,16384,14.1231,-734.8742092491167,4096,0.0020798375303592675,5000,8,1.0,,
TD3,8,3,0,4,16384,20480,19.1542,-618.0514280846772,4096,0.0020798375303592675,5000,8,1.0,,
TD3,8,3,0,5,20480,24576,24.2,-540.6630564501473,4096,0.0020798375303592675,5000,8,1.0,,
TD3,8,3,0,6,24576,28672,29.2259,-395.8387077505176,4096,0.0020798375303592675,5000,8,1.0,,
TD3,8,3,0,7,28672,32768,34.2594,-225.89868686431518,4096,0.0020798375303592675,5000,8,1.0,,
TD3,8,3,0,8,32768,36864,39.3752,-156.78843562817514,4096,0.0020798375303592675,5000,8,1.0,,
TD3,8,3,0,9,36864,40960,44.4765,-157.8199756694793,4096,0.0020798375303592675,5000,8,1.0,,
TD3,8,3,0,10,40960,45056,49.5533,-159.91334931228937,4096,0.0020798375303592675,5000,8,1.0,,
TD3,8,3,0,11,45056,49152,54.6319,-151.62620174726078,4096,0.0020798375303592675,5000,8,1.0,,
TD3,8,3,0,12,49152,53248,59.7428,-147.19621149829544,4096,0.0020798375303592675,5000,8,1.0,,
TD3,8,4,0,0,0,4096,0.1944,-1190.4690477739205,4096,0.0028642691117106633,5000,8,1.0,,
TD3,8,4,0,1,4096,8192,4.1654,-1271.0025138092751,4096,0.0028642691117106633,5000,8,1.0,,
TD3,8,4,0,2,8192,12288,9.2911,-941.6087173378752,4096,0.0028642691117106633,5000,8,1.0,,
TD3,8,4,0,3,12288,16384,14.4131,-783.7829836817095,4096,0.0028642691117106633,5000,8,1.0,,
TD3,8,4,0,4,16384,20480,19.565,-658.0428471279524,4096,0.0028642691117106633,5000,8,1.0,,
TD3,8,4,0,5,20480,24576,24.7217,-573.7640577097934,4096,0.0028642691117106633,5000,8,1.0,,
TD3,8,4,0,6,24576,28672,29.928,-435.52217781325487,4096,0.0028642691117106633,5000,8,1.0,,
TD3,8,4,0,7,28672,32768,35.116,-255.2584322568231,4096,0.0028642691117106633,5000,8,1.0,,
TD3,8,4,0,8,32768,36864,40.2716,-181.25726883967923,4096,0.0028642691117106633,5000,8,1.0,,
TD3,8,4,0,9,36864,40960,45.4634,-159.8822548113464,4096,0.0028642691117106633,5000,8,1.0,,
TD3,8,4,0,10,40960,45056,50.6235,-161.86754503735185,4096,0.0028642691117106633,5000,8,1.0,,
TD3,8,4,0,11,45056,49152,55.8303,-157.32140038889113,4096,0.0028642691117106633,5000,8,1.0,,
TD3,8,4,0,12,49152,53248,60.9763,-153.3248018621488,4096,0.0028642691117106633,5000,8,1.0,,
TD3,8,4,0,13,53248,57344,66.1693,-150.39968586339594,4096,0.0028642691117106633,5000,8,1.0,,
TD3,8,4,0,14,57344,61440,71.3242,-148.67014847732068,4096,0.0028642691117106633,5000,8,1.0,,
TD3,8,5,0,0,0,4096,0.2031,-1265.334526187682,4096,0.0006831535478880685,5000,1,0.125,,
TD3,8,5,0,1,4096,8192,0.9762,-1291.9452801985608,4096,0.0006831535478880685,5000,1,0.125,,
TD3,8,5,0,2,8192,12288,1.9043,-1307.4989422746585,4096,0.0006831535478880685,5000,1,0.125,,
TD3,8,5,0,3,12288,16384,2.831,-1296.6762591836887,4096,0.0006831535478880685,5000,1,0.125,,
TD3,8,5,0,4,16384,20480,3.7587,-1248.0324623388406,4096,0.0006831535478880685,5000,1,0.125,,
TD3,8,5,0,5,20480,24576,4.6994,-1196.529947301834,4096,0.0006831535478880685,5000,1,0.125,,
TD3,8,5,0,6,24576,28672,5.6227,-1106.878691071823,4096,0.0006831535478880685,5000,1,0.125,,
TD3,8,5,0,7,28672,32768,6.5469,-995.8858795088294,4096,0.0006831535478880685,5000,1,0.125,,
TD3,8,5,0,8,32768,36864,7.4711,-818.3254322937635,4096,0.0006831535478880685,5000,1,0.125,,
TD3,8,5,0,9,36864,40960,8.3959,-660.3638036345169,4096,0.0006831535478880685,5000,1,0.125,,
TD3,8,5,0,10,40960,45056,9.3203,-573.874073636545,4096,0.0006831535478880685,5000,1,0.125,,
TD3,8,5,0,11,45056,49152,10.2446,-463.0336596604628,4096,0.0006831535478880685,5000,1,0.125,,
TD3,8,5,0,12,49152,53248,11.1669,-378.4830243867746,4096,0.0006831535478880685,5000,1,0.125,,
TD3,8,5,0,13,53248,57344,12.0925,-296.70484363416324,4096,0.0006831535478880685,5000,1,0.125,,
TD3,8,5,0,14,57344,61440,13.0208,-276.2421874505152,4096,0.0006831535478880685,5000,1,0.125,,
TD3,8,6,0,0,0,4096,0.184,-1217.0603903139481,4096,0.00016909944080714724,5000,1,0.125,,
TD3,8,6,0,1,4096,8192,0.9456,-1264.0528910916069,4096,0.00016909944080714724,5000,1,0.125,,
TD3,8,6,0,2,8192,12288,1.8715,-1337.710523107353,4096,0.00016909944080714724,5000,1,0.125,,
TD3,8,6,0,3,12288,16384,2.7973,-1371.1610099604238,4096,0.00016909944080714724,5000,1,0.125,,
TD3,8,6,0,4,16384,20480,3.7245,-1379.3151539916826,4096,0.00016909944080714724,5000,1,0.125,,
TD3,8,6,0,5,20480,24576,4.6498,-1354.8460487436737,4096,0.00016909944080714724,5000,1,0.125,,
TD3,8,6,0,6,24576,28672,5.5909,-1333.806862470582,4096,0.00016909944080714724,5000,1,0.125,,
TD3,8,6,0,7,28672,32768,6.5192,-1365.757652872461,4096,0.00016909944080714724,5000,1,0.125,,
TD3,8,6,0,8,32768,36864,7.4467,-1248.3018380438582,4096,0.00016909944080714724,5000,1,0.125,,
TD3,8,6,0,9,36864,40960,8.3758,-1119.8424113813649,4096,0.00016909944080714724,5000,1,0.125,,
TD3,8,6,0,10,40960,45056,9.3036,-1026.937324198489,4096,0.00016909944080714724,5000,1,0.125,,
TD3,8,6,0,11,45056,49152,10.2326,-878.15560788924,4096,0.00016909944080714724,5000,1,0.125,,
TD3,8,6,0,12,49152,53248,11.1612,-836.569725024543,4096,0.00016909944080714724,5000,1,0.125,,
TD3,8,6,0,13,53248,57344,12.0897,-676.9988362949485,4096,0.00016909944080714724,5000,1,0.125,,
TD3,8,6,0,14,57344,61440,13.0182,-582.9091282975742,4096,0.00016909944080714724,5000,1,0.125,,
TD3,8,7,0,0,0,4096,0.1893,-1194.2932060830935,4096,0.0007779679530685133,10000,7,0.875,,
TD3,8,7,0,1,4096,8192,0.379,-1216.7134651022498,4096,0.0007779679530685133,10000,7,0.875,,
TD3,8,7,0,2,8192,12288,2.9236,-1268.5655554072,4096,0.0007779679530685133,10000,7,0.875,,
TD3,8,7,0,3,12288,16384,7.2962,-1092.401325046601,4096,0.0007779679530685133,10000,7,0.875,,
TD3,8,7,0,4,16384,20480,11.6777,-905.5390708098669,4096,0.0007779679530685133,10000,7,0.875,,
TD3,8,7,0,5,20480,24576,16.0702,-780.1009806391703,4096,0.0007779679530685133,10000,7,0.875,,
TD3,8,7,0,6,24576,28672,20.4469,-643.0373992215191,4096,0.0007779679530685133,10000,7,0.875,,
TD3,8,7,0,7,28672,32768,24.8267,-477.69032956418823,4096,0.0007779679530685133,10000,7,0.875,,
TD3,8,7,0,8,32768,36864,29.2253,-279.7689843633492,4096,0.0007779679530685133,10000,7,0.875,,
TD3,8,7,0,9,36864,40960,33.643,-175.4423193423255,4096,0.0007779679530685133,10000,7,0.875,,
TD3,8,7,0,10,40960,45056,38.0832,-172.53691060183687,4096,0.0007779679530685133,10000,7,0.875,,
TD3,8,7,0,11,45056,49152,42.6468,-163.6777092224604,4096,0.0007779679530685133,10000,7,0.875,,
TD3,8,7,0,12,49152,53248,48.8735,-145.70599305463764,4096,0.0007779679530685133,10000,7,0.875,,
TD3,64,0,0,0,0,12800,0.6893,-1339.2632583492232,12800,0.0002262846205365444,5000,4,0.0625,,
TD3,64,0,0,1,12800,25600,1.7329,-1427.619037273624,12800,0.0002262846205365444,5000,4,0.0625,,
TD3,64,0,0,2,25600,38400,2.7717,-1445.126655362849,12800,0.0002262846205365444,5000,4,0.0625,,
TD3,64,0,0,3,38400,51200,3.8152,-1172.3948007883912,12800,0.0002262846205365444,5000,4,0.0625,,
TD3,64,0,0,4,51200,64000,4.855,-1206.9005901037317,12800,0.0002262846205365444,5000,4,0.0625,,
TD3,64,0,0,5,64000,76800,5.9011,-723.1790169629988,12800,0.0002262846205365444,5000,4,0.0625,,
TD3,64,0,0,6,76800,89600,6.9455,-295.28211919119303,12800,0.0002262846205365444,5000,4,0.0625,,
TD3,64,0,0,7,89600,102400,7.9896,-222.72682201167984,12800,0.0002262846205365444,5000,4,0.0625,,
TD3,64,0,0,8,102400,115200,9.0345,-193.10735369437808,12800,0.0002262846205365444,5000,4,0.0625,,
TD3,64,0,0,9,115200,128000,10.0788,-281.70010627754243,12800,0.0002262846205365444,5000,4,0.0625,,
TD3,64,0,0,10,128000,140800,11.1255,-505.2608805183112,12800,0.0002262846205365444,5000,4,0.0625,,
TD3,64,0,0,11,140800,153600,12.1742,-448.4736407207458,12800,0.0002262846205365444,5000,4,0.0625,,
TD3,64,0,0,12,153600,166400,13.2284,-256.93753034261795,12800,0.0002262846205365444,5000,4,0.0625,,
TD3,64,0,0,13,166400,179200,14.3386,-179.17487648964317,12800,0.0002262846205365444,5000,4,0.0625,,
TD3,64,0,0,14,179200,192000,15.517,-152.82441482142428,12800,0.0002262846205365444,5000,4,0.0625,,
TD3,64,0,0,15,192000,204800,16.7441,-160.5127162406073,12800,0.0002262846205365444,5000,4,0.0625,,
TD3,64,0,0,16,204800,217600,17.8518,-193.02062519284698,12800,0.0002262846205365444,5000,4,0.0625,,
TD3,64,0,0,17,217600,230400,18.9306,-185.4710564083573,12800,0.0002262846205365444,5000,4,0.0625,,
TD3,64,0,0,18,230400,243200,20.0162,-231.83727047081834,12800,0.0002262846205365444,5000,4,0.0625,,
TD3,64,0,0,19,243200,256000,21.1296,-383.19660421576265,12800,0.0002262846205365444,5000,4,0.0625,,
TD3,64,0,0,20,256000,268800,22.3062,-305.60112122068966,12800,0.0002262846205365444,5000,4,0.0625,,
TD3,64,0,0,21,268800,281600,23.4239,-204.601580648292,12800,0.0002262846205365444,5000,4,0.0625,,
TD3,64,0,0,22,281600,294400,24.5216,-274.3826400399441,12800,0.0002262846205365444,5000,4,0.0625,,
TD3,64,0,0,23,294400,307200,25.6104,-303.5542803339867,12800,0.0002262846205365444,5000,4,0.0625,,
TD3,64,0,0,24,307200,320000,26.6989,-279.7541652074852,12800,0.0002262846205365444,5000,4,0.0625,,
TD3,64,0,0,25,320000,332800,27.8021,-203.49167308505565,12800,0.0002262846205365444,5000,4,0.0625,,
TD3,64,0,0,26,332800,345600,28.9211,-173.02737974983117,12800,0.0002262846205365444,5000,4,0.0625,,
TD3,64,0,0,27,345600,358400,30.046,-163.28188482727361,12800,0.0002262846205365444,5000,4,0.0625,,
TD3,64,0,0,28,358400,371200,31.1563,-145.7989339012152,12800,0.0002262846205365444,5000,4,0.0625,,
TD3,64,1,0,0,0,12800,0.5834,-1373.085101972214,12800,0.00012274320596686715,1000,2,0.03125,,
TD3,64,1,0,1,12800,25600,1.1946,-1355.55473441734,12800,0.00012274320596686715,1000,2,0.03125,,
TD3,64,1,0,2,25600,38400,1.7984,-1312.611092350639,12800,0.00012274320596686715,1000,2,0.03125,,
TD3,64,1,0,3,38400,51200,2.4019,-1299.564070939189,12800,0.00012274320596686715,1000,2,0.03125,,
TD3,64,1,0,4,51200,64000,3.0057,-1289.0779530986586,12800,0.00012274320596686715,1000,2,0.03125,,
TD3,64,1,0,5,64000,76800,3.615,-1259.6845791008882,12800,0.00012274320596686715,1000,2,0.03125,,
TD3,64,1,0,6,76800,89600,4.2479,-1223.4518339414615,12800,0.00012274320596686715,1000,2,0.03125,,
TD3,64,1,0,7,89600,102400,4.8719,-1210.1548815653564,12800,0.00012274320596686715,1000,2,0.03125,,
TD3,64,1,0,8,102400,115200,5.4984,-1414.1915184624957,12800,0.00012274320596686715,1000,2,0.03125,,
TD3,64,1,0,9,115200,128000,6.1232,-1525.5983316251309,12800,0.00012274320596686715,1000,2,0.03125,,
TD3,64,1,0,10,128000,140800,6.7407,-1524.4950128048192,12800,0.00012274320596686715,1000,2,0.03125,,
TD3,64,1,0,11,140800,153600,7.3531,-1513.477043828671,12800,0.00012274320596686715,1000,2,0.03125,,
TD3,64,1,0,12,153600,166400,7.9708,-1414.6550885740494,12800,0.00012274320596686715,1000,2,0.03125,,
TD3,64,1,0,13,166400,179200,8.5832,-1262.7157022628517,12800,0.00012274320596686715,1000,2,0.03125,,
TD3,64,1,0,14,179200,192000,9.192,-1163.7486046494048,12800,0.00012274320596686715,1000,2,0.03125,,
TD3,64,1,0,15,192000,204800,9.8012,-1197.6404188338015,12800,0.00012274320596686715,1000,2,0.03125,,
TD3,64,1,0,16,204800,217600,10.41,-1077.1163486592936,12800,0.00012274320596686715,1000,2,0.03125,,
TD3,64,1,0,17,217600,230400,11.0199,-1216.630078693484,12800,0.00012274320596686715,1000,2,0.03125,,
TD3,64,1,0,18,230400,243200,11.6319,-1458.5056306769093,12800,0.00012274320596686715,1000,2,0.03125,,
TD3,64,1,0,19,243200,256000,12.2443,-1546.0066819858691,12800,0.00012274320596686715,1000,2,0.03125,,
TD3,64,1,0,20,256000,268800,12.8562,-1574.4305646571797,12800,0.00012274320596686715,1000,2,0.03125,,
TD3,64,1,0,21,268800,281600,13.468,-1592.7542875639535,12800,0.00012274320596686715,1000,2,0.03125,,
TD3,64,1,0,22,281600,294400,14.077,-1610.7692389856093,12800,0.00012274320596686715,1000,2,0.03125,,
TD3,64,1,0,23,294400,307200,14.687,-1613.540269910302,12800,0.00012274320596686715,1000,2,0.03125,,
TD3,64,1,0,24,307200,320000,15.2984,-1614.6479652643764,12800,0.00012274320596686715,1000,2,0.03125,,
TD3,64,1,0,25,320000,332800,15.9069,-1603.146990116816,12800,0.00012274320596686715,1000,2,0.03125,,
TD3,64,1,0,26,332800,345600,16.5177,-1601.6028044511006,12800,0.00012274320596686715,1000,2,0.03125,,
TD3,64,1,0,27,345600,358400,17.1283,-1594.345405359515,12800,0.00012274320596686715,1000,2,0.03125,,
TD3,64,1,0,28,358400,371200,17.7377,-1602.0568359670322,12800,0.00012274320596686715,1000,2,0.03125,,
TD3,64,1,0,29,371200,384000,18.3706,-1607.2540176513046,12800,0.00012274320596686715,1000,2,0.03125,,
TD3,64,1,0,30,384000,396800,18.9915,-1599.8746615637233,12800,0.00012274320596686715,1000,2,0.03125,,
TD3,64,1,0,31,396800,409600,19.6114,-1602.0374093867279,12800,0.00012274320596686715,1000,2,0.03125,,
TD3,64,1,0,32,409600,422400,20.229,-1602.4249378562859,12800,0.00012274320596686715,1000,2,0.03125,,
TD3,64,1,0,33,422400,435200,20.843,-1600.0303614674135,12800,0.00012274320596686715,1000,2,0.03125,,
TD3,64,1,0,34,435200,448000,21.4557,-1607.439337538518,12800,0.00012274320596686715,1000,2,0.03125,,
TD3,64,1,0,35,448000,460800,22.0612,-1606.4161195952352,12800,0.00012274320596686715,1000,2,0.03125,,
TD3,64,1,0,36,460800,473600,22.6648,-1599.3550206679665,12800,0.00012274320596686715,1000,2,0.03125,,
TD3,64,1,0,37,473600,486400,23.2684,-1596.8897837666561,12800,0.00012274320596686715,1000,2,0.03125,,
TD3,64,1,0,38,486400,499200,23.8759,-1593.5724198882795,12800,0.00012274320596686715,1000,2,0.03125,,
TD3,64,1,0,39,499200,512000,24.486,-1592.8665498395358,12800,0.00012274320596686715,1000,2,0.03125,,
TD3,64,1,0,40,512000,524800,25.0955,-1593.8758345765154,12800,0.00012274320596686715,1000,2,0.03125,,
TD3,64,1,0,41,524800,537600,25.7156,-1592.7038907509484,12800,0.00012274320596686715,1000,2,0.03125,,
TD3,64,1,0,42,537600,550400,26.3289,-1595.5817904282128,12800,0.00012274320596686715,1000,2,0.03125,,
TD3,64,1,0,43,550400,563200,26.9505,-1597.268561769165,12800,0.00012274320596686715,1000,2,0.03125,,
TD3,64,1,0,44,563200,576000,27.5671,-1594.2508983879816,12800,0.00012274320596686715,1000,2,0.03125,,
TD3,64,1,0,45,576000,588800,28.2082,-1593.0353028079355,12800,0.00012274320596686715,1000,2,0.03125,,
TD3,64,1,0,46,588800,601600,28.8278,-1602.3859477706999,12800,0.00012274320596686715,1000,2,0.03125,,
TD3,64,1,0,47,601600,614400,29.4437,-1599.2487666115258,12800,0.00012274320596686715,1000,2,0.03125,,
TD3,64,1,0,48,614400,627200,30.057,-1598.2377984906548,12800,0.00012274320596686715,1000,2,0.03125,,
TD3,64,1,0,49,627200,640000,30.6672,-1608.313774728328,12800,0.00012274320596686715,1000,2,0.03125,,
TD3,64,1,0,50,640000,652800,31.2703,-1603.2788308079541,12800,0.00012274320596686715,1000,2,0.03125,,
TD3,64,1,0,51,652800,665600,31.8708,-1596.6127528562583,12800,0.00012274320596686715,1000,2,0.03125,,
TD3,64,1,0,52,665600,678400,32.472,-1596.8775534071028,12800,0.00012274320596686715,1000,2,0.03125,,
TD3,64,1,0,53,678400,691200,33.0794,-1592.977609335552,12800,0.00012274320596686715,1000,2,0.03125,,
TD3,64,1,0,54,691200,704000,33.6898,-1601.7724475955172,12800,0.00012274320596686715,1000,2,0.03125,,
TD3,64,1,0,55,704000,716800,34.3017,-1594.991535525259,12800,0.00012274320596686715,1000,2,0.03125,,
TD3,64,1,0,56,716800,729600,34.9138,-1596.0748869796587,12800,0.00012274320596686715,1000,2,0.03125,,
TD3,64,1,0,57,729600,742400,35.5254,-1601.3895779893826,12800,0.00012274320596686715,1000,2,0.03125,,
TD3,64,1,0,58,742400,755200,36.1342,-1600.6456106928038,12800,0.00012274320596686715,1000,2,0.03125,,
TD3,64,1,0,59,755200,768000,36.7406,-1598.1238717735187,12800,0.00012274320596686715,1000,2,0.03125,,
TD3,64,1,0,60,768000,780800,37.3472,-1593.6396416234597,12800,0.00012274320596686715,1000,2,0.03125,,
TD3,64,1,0,61,780800,793600,37.9547,-1601.0773516975623,12800,0.00012274320596686715,1000,2,0.03125,,
TD3,64,1,0,62,793600,806400,38.5622,-1594.3854058360773,12800,0.00012274320596686715,1000,2,0.03125,,
TD3,64,1,0,63,806400,819200,39.1704,-1365.7152462236816,12800,0.00012274320596686715,1000,2,0.03125,,
TD3,64,1,0,64,819200,832000,39.7795,-1123.4796376596996,12800,0.00012274320596686715,1000,2,0.03125,,
TD3,64,1,0,65,832000,844800,40.3882,-1105.4901233869884,12800,0.00012274320596686715,1000,2,0.03125,,
TD3,64,1,0,66,844800,857600,40.9961,-1021.7908534261638,12800,0.00012274320596686715,1000,2,0.03125,,
TD3,64,1,0,67,857600,870400,41.6292,-555.7217470291711,12800,0.00012274320596686715,1000,2,0.03125,,
TD3,64,1,0,68,870400,883200,42.2436,-231.4567166482906,12800,0.00012274320596686715,1000,2,0.03125,,
TD3,64,1,0,69,883200,896000,42.8562,-195.44823070693187,12800,0.00012274320596686715,1000,2,0.03125,,
TD3,64,1,0,70,896000,908800,43.4679,-285.4509343942115,12800,0.00012274320596686715,1000,2,0.03125,,
TD3,64,1,0,71,908800,921600,44.0751,-362.5877574059505,12800,0.00012274320596686715,1000,2,0.03125,,
TD3,64,1,0,72,921600,934400,44.682,-446.7650431480261,12800,0.00012274320596686715,1000,2,0.03125,,
TD3,64,1,0,73,934400,947200,45.2832,-335.8219518565545,12800,0.00012274320596686715,1000,2,0.03125,,
TD3,64,1,0,74,947200,960000,45.8961,-216.7104294369202,12800,0.00012274320596686715,1000,2,0.03125,,
TD3,64,1,0,75,960000,972800,46.507,-236.1816373920415,12800,0.00012274320596686715,1000,2,0.03125,,
TD3,64,1,0,76,972800,985600,47.1166,-236.3873443982231,12800,0.00012274320596686715,1000,2,0.03125,,
TD3,64,1,0,77,985600,998400,47.7255,-193.4662016229322,12800,0.00012274320596686715,1000,2,0.03125,,
TD3,64,1,0,78,998400,1011200,48.3345,-164.96225464847478,12800,0.00012274320596686715,1000,2,0.03125,,
TD3,64,1,0,79,1011200,1024000,48.9423,-283.54734807513984,12800,0.00012274320596686715,1000,2,0.03125,,
TD3,64,1,0,80,1024000,1036800,49.5503,-256.0830126066998,12800,0.00012274320596686715,1000,2,0.03125,,
TD3,64,1,0,81,1036800,1049600,50.1569,-174.8570449511655,12800,0.00012274320596686715,1000,2,0.03125,,
TD3,64,1,0,82,1049600,1062400,50.7638,-162.98356113098663,12800,0.00012274320596686715,1000,2,0.03125,,
TD3,64,1,0,83,1062400,1075200,51.368,-160.91327129714907,12800,0.00012274320596686715,1000,2,0.03125,,
TD3,64,1,0,84,1075200,1088000,51.9955,-171.740688130644,12800,0.00012274320596686715,1000,2,0.03125,,
TD3,64,1,0,85,1088000,1100800,52.6014,-453.7891285894402,12800,0.00012274320596686715,1000,2,0.03125,,
TD3,64,1,0,86,1100800,1113600,53.2097,-733.7164293246809,12800,0.00012274320596686715,1000,2,0.03125,,
TD3,64,1,0,87,1113600,1126400,53.8183,-922.9477733059274,12800,0.00012274320596686715,1000,2,0.03125,,
TD3,64,1,0,88,1126400,1139200,54.4267,-984.2169038603502,12800,0.00012274320596686715,1000,2,0.03125,,
TD3,64,1,0,89,1139200,1152000,55.0347,-975.507489294109,12800,0.00012274320596686715,1000,2,0.03125,,
TD3,64,1,0,90,1152000,1164800,55.6656,-1200.1949093235473,12800,0.00012274320596686715,1000,2,0.03125,,
TD3,64,1,0,91,1164800,1177600,56.2805,-1288.0827451012667,12800,0.00012274320596686715,1000,2,0.03125,,
TD3,64,1,0,92,1177600,1190400,56.8923,-1232.279485320542,12800,0.00012274320596686715,1000,2,0.03125,,
TD3,64,1,0,93,1190400,1203200,57.5013,-1153.7303086523036,12800,0.00012274320596686715,1000,2,0.03125,,
TD3,64,1,0,94,1203200,1216000,58.1061,-962.3133018837776,12800,0.00012274320596686715,1000,2,0.03125,,
TD3,64,1,0,95,1216000,1228800,58.7085,-791.6894377095252,12800,0.00012274320596686715,1000,2,0.03125,,
TD3,64,1,0,96,1228800,1241600,59.31,-787.4059608533618,12800,0.00012274320596686715,1000,2,0.03125,,
TD3,64,1,0,97,1241600,1254400,59.9134,-829.7220038712909,12800,0.00012274320596686715,1000,2,0.03125,,
TD3,64,1,0,98,1254400,1267200,60.5169,-672.531950905614,12800,0.00012274320596686715,1000,2,0.03125,,
TD3,64,1,0,99,1267200,1280000,61.1241,-765.4686029661545,12800,0.00012274320596686715,1000,2,0.03125,,
TD3,64,1,0,100,1280000,1292800,61.7312,-579.8609881086911,12800,0.00012274320596686715,1000,2,0.03125,,
TD3,64,1,0,101,1292800,1305600,62.3379,-527.8654782320941,12800,0.00012274320596686715,1000,2,0.03125,,
TD3,64,1,0,102,1305600,1318400,62.9433,-548.1783010218461,12800,0.00012274320596686715,1000,2,0.03125,,
TD3,64,1,0,103,1318400,1331200,63.5499,-721.2002933212639,12800,0.00012274320596686715,1000,2,0.03125,,
TD3,64,1,0,104,1331200,1344000,64.1555,-759.6090442699983,12800,0.00012274320596686715,1000,2,0.03125,,
TD3,64,1,0,105,1344000,1356800,64.7665,-801.6643244571803,12800,0.00012274320596686715,1000,2,0.03125,,
TD3,64,1,0,106,1356800,1369600,65.3805,-768.1140018925967,12800,0.00012274320596686715,1000,2,0.03125,,
TD3,64,1,0,107,1369600,1382400,65.9919,-475.70808097107425,12800,0.00012274320596686715,1000,2,0.03125,,
TD3,64,1,0,108,1382400,1395200,66.5999,-270.260781212727,12800,0.00012274320596686715,1000,2,0.03125,,
TD3,64,1,0,109,1395200,1408000,67.2072,-198.45721082696343,12800,0.00012274320596686715,1000,2,0.03125,,
TD3,64,1,0,110,1408000,1420800,67.8112,-186.52893327745724,12800,0.00012274320596686715,1000,2,0.03125,,
TD3,64,1,0,111,1420800,1433600,68.4153,-185.53955495291913,12800,0.00012274320596686715,1000,2,0.03125,,
TD3,64,1,0,112,1433600,1446400,69.0191,-189.49876626370008,12800,0.00012274320596686715,1000,2,0.03125,,
TD3,64,1,0,113,1446400,1459200,69.6491,-189.26614207756472,12800,0.00012274320596686715,1000,2,0.03125,,
TD3,64,1,0,114,1459200,1472000,70.2622,-174.36640126854297,12800,0.00012274320596686715,1000,2,0.03125,,
TD3,64,1,0,115,1472000,1484800,70.8746,-173.3399162789015,12800,0.00012274320596686715,1000,2,0.03125,,
TD3,64,1,0,116,1484800,1497600,71.486,-184.40585686761887,12800,0.00012274320596686715,1000,2,0.03125,,
TD3,64,1,0,117,1497600,1510400,72.0993,-194.83347195639274,12800,0.00012274320596686715,1000,2,0.03125,,
TD3,64,1,0,118,1510400,1523200,72.705,-482.0482548418967,12800,0.00012274320596686715,1000,2,0.03125,,
TD3,64,1,0,119,1523200,1536000,73.3111,-537.7317426033225,12800,0.00012274320596686715,1000,2,0.03125,,
TD3,64,1,0,120,1536000,1548800,73.917,-610.2045895698527,12800,0.00012274320596686715,1000,2,0.03125,,
TD3,64,1,0,121,1548800,1561600,74.5208,-362.1898603625968,12800,0.00012274320596686715,1000,2,0.03125,,
TD3,64,1,0,122,1561600,1574400,75.1255,-236.6932174427062,12800,0.00012274320596686715,1000,2,0.03125,,
TD3,64,1,0,123,1574400,1587200,75.7288,-296.4786101487209,12800,0.00012274320596686715,1000,2,0.03125,,
TD3,64,1,0,124,1587200,1600000,76.3336,-338.8857246423187,12800,0.00012274320596686715,1000,2,0.03125,,
TD3,64,1,0,125,1600000,1612800,76.937,-444.47767952326683,12800,0.00012274320596686715,1000,2,0.03125,,
TD3,64,1,0,126,1612800,1625600,77.5387,-555.8838970188308,12800,0.00012274320596686715,1000,2,0.03125,,
TD3,64,1,0,127,1625600,1638400,78.1394,-681.6081230900297,12800,0.00012274320596686715,1000,2,0.03125,,
TD3,64,1,0,128,1638400,1651200,78.7419,-745.6834486613167,12800,0.00012274320596686715,1000,2,0.03125,,
TD3,64,1,0,129,1651200,1664000,79.343,-562.336866700172,12800,0.00012274320596686715,1000,2,0.03125,,
TD3,64,1,0,130,1664000,1676800,79.9484,-362.3931876592664,12800,0.00012274320596686715,1000,2,0.03125,,
TD3,64,1,0,131,1676800,1689600,80.5515,-216.38781249499996,12800,0.00012274320596686715,1000,2,0.03125,,
TD3,64,1,0,132,1689600,1702400,81.154,-213.98545521926602,12800,0.00012274320596686715,1000,2,0.03125,,
TD3,64,1,0,133,1702400,1715200,81.7562,-322.9585193009942,12800,0.00012274320596686715,1000,2,0.03125,,
TD3,64,1,0,134,1715200,1728000,82.3589,-394.2980779043026,12800,0.00012274320596686715,1000,2,0.03125,,
TD3,64,1,0,135,1728000,1740800,82.9624,-263.2790582582989,12800,0.00012274320596686715,1000,2,0.03125,,
TD3,64,1,0,136,1740800,1753600,83.5905,-167.42551163448718,12800,0.00012274320596686715,1000,2,0.03125,,
TD3,64,1,0,137,1753600,1766400,84.2138,-165.57434561815725,12800,0.00012274320596686715,1000,2,0.03125,,
TD3,64,1,0,138,1766400,1779200,84.8292,-173.40494791653734,12800,0.00012274320596686715,1000,2,0.03125,,
TD3,64,1,0,139,1779200,1792000,85.4407,-164.46988706834702,12800,0.00012274320596686715,1000,2,0.03125,,
TD3,64,1,0,140,1792000,1804800,86.0475,-162.77047303776556,12800,0.00012274320596686715,1000,2,0.03125,,
TD3,64,1,0,141,1804800,1817600,86.648,-176.68977482547936,12800,0.00012274320596686715,1000,2,0.03125,,
TD3,64,1,0,142,1817600,1830400,87.2478,-175.10255481460263,12800,0.00012274320596686715,1000,2,0.03125,,
TD3,64,1,0,143,1830400,1843200,87.8475,-176.10565933401483,12800,0.00012274320596686715,1000,2,0.03125,,
TD3,64,1,0,144,1843200,1856000,88.4462,-155.6268756826595,12800,0.00012274320596686715,1000,2,0.03125,,
TD3,64,1,0,145,1856000,1868800,89.0442,-171.23664314622883,12800,0.00012274320596686715,1000,2,0.03125,,
TD3,64,1,0,146,1868800,1881600,89.6425,-177.36303492847424,12800,0.00012274320596686715,1000,2,0.03125,,
TD3,64,1,0,147,1881600,1894400,90.2417,-163.69289890643353,12800,0.00012274320596686715,1000,2,0.03125,,
TD3,64,1,0,148,1894400,1907200,90.845,-171.16499865138917,12800,0.00012274320596686715,1000,2,0.03125,,
TD3,64,1,0,149,1907200,1920000,91.4523,-171.56394780476808,12800,0.00012274320596686715,1000,2,0.03125,,
TD3,64,1,0,150,1920000,1932800,92.0586,-157.1353789053063,12800,0.00012274320596686715,1000,2,0.03125,,
TD3,64,1,0,151,1932800,1945600,92.6642,-181.80265949813034,12800,0.00012274320596686715,1000,2,0.03125,,
TD3,64,1,0,152,1945600,1958400,93.2688,-237.70767361269137,12800,0.00012274320596686715,1000,2,0.03125,,
TD3,64,1,0,153,1958400,1971200,93.9022,-330.5917499239688,12800,0.00012274320596686715,1000,2,0.03125,,
TD3,64,1,0,154,1971200,1984000,94.5115,-175.05216142824975,12800,0.00012274320596686715,1000,2,0.03125,,
TD3,64,1,0,155,1984000,1996800,95.12,-150.46639531849758,12800,0.00012274320596686715,1000,2,0.03125,,
TD3,64,1,0,156,1996800,2009600,95.7234,-169.59195004820648,12800,0.00012274320596686715,1000,2,0.03125,,
TD3,64,1,0,157,2009600,2022400,96.3252,-169.13627721816854,12800,0.00012274320596686715,1000,2,0.03125,,
TD3,64,1,0,158,2022400,2035200,96.9257,-155.0247536967238,12800,0.00012274320596686715,1000,2,0.03125,,
TD3,64,1,0,159,2035200,2048000,97.5267,-163.40772347514255,12800,0.00012274320596686715,1000,2,0.03125,,
TD3,64,1,0,160,2048000,2060800,98.1283,-168.8876588442595,12800,0.00012274320596686715,1000,2,0.03125,,
TD3,64,1,0,161,2060800,2073600,98.7272,-167.08645487934092,12800,0.00012274320596686715,1000,2,0.03125,,
TD3,64,1,0,162,2073600,2086400,99.328,-165.00247311303167,12800,0.00012274320596686715,1000,2,0.03125,,
TD3,64,1,0,163,2086400,2099200,99.9311,-178.47989526765355,12800,0.00012274320596686715,1000,2,0.03125,,
TD3,64,1,0,164,2099200,2112000,100.5354,-159.97884856329827,12800,0.00012274320596686715,1000,2,0.03125,,
TD3,64,1,0,165,2112000,2124800,101.1372,-158.05849098627849,12800,0.00012274320596686715,1000,2,0.03125,,
TD3,64,1,0,166,2124800,2137600,101.7398,-147.62384842339816,12800,0.00012274320596686715,1000,2,0.03125,,
TD3,64,2,0,0,0,12800,0.194,-1245.1803293333724,12800,0.0008604906326462359,10000,2,0.03125,,
TD3,64,2,0,1,12800,25600,0.788,-1453.3503145899158,12800,0.0008604906326462359,10000,2,0.03125,,
TD3,64,2,0,2,25600,38400,1.3951,-1475.259172091596,12800,0.0008604906326462359,10000,2,0.03125,,
TD3,64,2,0,3,38400,51200,1.9973,-1428.2400458424538,12800,0.0008604906326462359,10000,2,0.03125,,
TD3,64,2,0,4,51200,64000,2.5976,-1401.5916041485407,12800,0.0008604906326462359,10000,2,0.03125,,
TD3,64,2,0,5,64000,76800,3.1968,-1194.4555725749635,12800,0.0008604906326462359,10000,2,0.03125,,
TD3,64,2,0,6,76800,89600,3.7966,-1020.1744327604033,12800,0.0008604906326462359,10000,2,0.03125,,
TD3,64,2,0,7,89600,102400,4.396,-940.4470480280178,12800,0.0008604906326462359,10000,2,0.03125,,
TD3,64,2,0,8,102400,115200,5.0213,-740.6685004301893,12800,0.0008604906326462359,10000,2,0.03125,,
TD3,64,2,0,9,115200,128000,5.631,-581.5139312362651,12800,0.0008604906326462359,10000,2,0.03125,,
TD3,64,2,0,10,128000,140800,6.2359,-491.8872000026433,12800,0.0008604906326462359,10000,2,0.03125,,
TD3,64,2,0,11,140800,153600,6.8403,-601.5459394590714,12800,0.0008604906326462359,10000,2,0.03125,,
TD3,64,2,0,12,153600,166400,7.4431,-437.6599395007691,12800,0.0008604906326462359,10000,2,0.03125,,
TD3,64,2,0,13,166400,179200,8.0424,-362.11123172584036,12800,0.0008604906326462359,10000,2,0.03125,,
TD3,64,2,0,14,179200,192000,8.6411,-454.1735635125177,12800,0.0008604906326462359,10000,2,0.03125,,
TD3,64,2,0,15,192000,204800,9.2373,-436.0257735437208,12800,0.0008604906326462359,10000,2,0.03125,,
TD3,64,2,0,16,204800,217600,9.841,-256.0397962029618,12800,0.0008604906326462359,10000,2,0.03125,,
TD3,64,2,0,17,217600,230400,10.439,-166.37841928515525,12800,0.0008604906326462359,10000,2,0.03125,,
TD3,64,2,0,18,230400,243200,11.039,-171.9646471889416,12800,0.0008604906326462359,10000,2,0.03125,,
TD3,64,2,0,19,243200,256000,11.6389,-163.65802132637168,12800,0.0008604906326462359,10000,2,0.03125,,
TD3,64,2,0,20,256000,268800,12.2424,-152.66962802273073,12800,0.0008604906326462359,10000,2,0.03125,,
TD3,64,2,0,21,268800,281600,12.8442,-154.76335442936863,12800,0.0008604906326462359,10000,2,0.03125,,
TD3,64,2,0,22,281600,294400,13.4453,-149.78793262224033,12800,0.0008604906326462359,10000,2,0.03125,,
TD3,64,3,0,0,0,12800,3.7139,-1283.0289340467134,12800,0.00016790945565734456,5000,25,0.390625,,
TD3,64,3,0,1,12800,25600,9.809,-725.9130934637406,12800,0.00016790945565734456,5000,25,0.390625,,
TD3,64,3,0,2,25600,38400,15.9233,-227.61974541507584,12800,0.00016790945565734456,5000,25,0.390625,,
TD3,64,3,0,3,38400,51200,22.0357,-226.73835555596486,12800,0.00016790945565734456,5000,25,0.390625,,
TD3,64,3,0,4,51200,64000,28.2935,-190.74407596188433,12800,0.00016790945565734456,5000,25,0.390625,,
TD3,64,3,0,5,64000,76800,34.4958,-152.72040186209472,12800,0.00016790945565734456,5000,25,0.390625,,
TD3,64,3,0,6,76800,89600,40.7309,-148.12965498222067,12800,0.00016790945565734456,5000,25,0.390625,,
TD3,64,4,0,0,0,12800,1.9223,-1422.7312899111748,12800,0.00043343345983524914,1000,8,0.125,,
TD3,64,4,0,1,12800,25600,4.0157,-1187.131422376013,12800,0.00043343345983524914,1000,8,0.125,,
TD3,64,4,0,2,25600,38400,6.1359,-1101.0431900633785,12800,0.00043343345983524914,1000,8,0.125,,
TD3,64,4,0,3,38400,51200,8.2094,-647.853985608253,12800,0.00043343345983524914,1000,8,0.125,,
TD3,64,4,0,4,51200,64000,10.2981,-287.63054631837696,12800,0.00043343345983524914,1000,8,0.125,,
TD3,64,4,0,5,64000,76800,12.3982,-170.53472155459414,12800,0.00043343345983524914,1000,8,0.125,,
TD3,64,4,0,6,76800,89600,14.4886,-159.8744064814731,12800,0.00043343345983524914,1000,8,0.125,,
TD3,64,4,0,7,89600,102400,16.593,-168.39201453632896,12800,0.00043343345983524914,1000,8,0.125,,
TD3,64,4,0,8,102400,115200,18.6928,-170.39562158779492,12800,0.00043343345983524914,1000,8,0.125,,
TD3,64,4,0,9,115200,128000,20.8546,-154.0345743819973,12800,0.00043343345983524914,1000,8,0.125,,
TD3,64,4,0,10,128000,140800,23.0357,-148.5713073787686,12800,0.00043343345983524914,1000,8,0.125,,
TD3,64,5,0,0,0,12800,0.2058,-1263.4325073687342,12800,0.0008069543232203368,10000,2,0.03125,,
TD3,64,5,0,1,12800,25600,0.8273,-1461.3984574477095,12800,0.0008069543232203368,10000,2,0.03125,,
TD3,64,5,0,2,25600,38400,1.4391,-1510.3138488724082,12800,0.0008069543232203368,10000,2,0.03125,,
TD3,64,5,0,3,38400,51200,2.0467,-1440.9117834120989,12800,0.0008069543232203368,10000,2,0.03125,,
TD3,64,5,0,4,51200,64000,2.6516,-1349.009124330256,12800,0.0008069543232203368,10000,2,0.03125,,
TD3,64,6,0,0,0,12800,1.6871,-1447.8319857995157,12800,0.00014613804097607247,5000,11,0.171875,,
TD3,64,6,0,1,12800,25600,4.6867,-1302.6203900119772,12800,0.00014613804097607247,5000,11,0.171875,,
TD3,64,6,0,2,25600,38400,7.5003,-809.9650971278709,12800,0.00014613804097607247,5000,11,0.171875,,
TD3,64,6,0,3,38400,51200,10.4215,-335.18301179284595,12800,0.00014613804097607247,5000,11,0.171875,,
TD3,64,6,0,4,51200,64000,13.256,-213.02044265197662,12800,0.00014613804097607247,5000,11,0.171875,,
TD3,64,6,0,5,64000,76800,16.147,-187.1980602209526,12800,0.00014613804097607247,5000,11,0.171875,,
TD3,64,6,0,6,76800,89600,19.0343,-186.4370309846208,12800,0.00014613804097607247,5000,11,0.171875,,
TD3,64,6,0,7,89600,102400,21.9087,-181.65627824706723,12800,0.00014613804097607247,5000,11,0.171875,,
TD3,64,6,0,8,102400,115200,24.7705,-168.60981372162175,12800,0.00014613804097607247,5000,11,0.171875,,
TD3,64,6,0,9,115200,128000,27.7325,-149.27973263557124,12800,0.00014613804097607247,5000,11,0.171875,,
TD3,64,7,0,0,0,12800,1.3116,-1331.542551564722,12800,0.00022917438063105208,5000,8,0.125,,
TD3,64,7,0,1,12800,25600,3.3934,-1377.2942637689785,12800,0.00022917438063105208,5000,8,0.125,,
TD3,64,7,0,2,25600,38400,5.5084,-1027.6343671161248,12800,0.00022917438063105208,5000,8,0.125,,
TD3,64,7,0,3,38400,51200,7.6418,-467.6017253725267,12800,0.00022917438063105208,5000,8,0.125,,
TD3,64,7,0,4,51200,64000,9.765,-240.24598997711885,12800,0.00022917438063105208,5000,8,0.125,,
TD3,64,7,0,5,64000,76800,11.8585,-182.8433160382845,12800,0.00022917438063105208,5000,8,0.125,,
TD3,64,7,0,6,76800,89600,13.9718,-154.52084765713164,12800,0.00022917438063105208,5000,8,0.125,,
TD3,64,7,0,7,89600,102400,16.0756,-151.82312471885686,12800,0.00022917438063105208,5000,8,0.125,,
TD3,64,7,0,8,102400,115200,18.1716,-152.587983620701,12800,0.00022917438063105208,5000,8,0.125,,
TD3,64,7,0,9,115200,128000,20.2752,-150.96161839597858,12800,0.00022917438063105208,5000,8,0.125,,
TD3,64,7,0,10,128000,140800,22.3764,-146.59105849108556,12800,0.00022917438063105208,5000,8,0.125,,
TD3,1024,0,0,0,0,204800,4.6474,-1314.6742094066972,204800,0.0003247043010562005,1024,18,0.017578125,,
TD3,1024,0,0,1,204800,409600,9.2326,-1497.606363499821,204800,0.0003247043010562005,1024,18,0.017578125,,
TD3,1024,0,0,2,409600,614400,13.9059,-1298.1172708995127,204800,0.0003247043010562005,1024,18,0.017578125,,
TD3,1024,0,0,3,614400,819200,18.5096,-237.54177970797988,204800,0.0003247043010562005,1024,18,0.017578125,,
TD3,1024,0,0,4,819200,1024000,23.1199,-231.5831830403401,204800,0.0003247043010562005,1024,18,0.017578125,,
TD3,1024,0,0,5,1024000,1228800,27.7006,-167.2522500887391,204800,0.0003247043010562005,1024,18,0.017578125,,
TD3,1024,0,0,6,1228800,1433600,32.284,-249.3468264374646,204800,0.0003247043010562005,1024,18,0.017578125,,
TD3,1024,0,0,7,1433600,1638400,36.8611,-488.28101157240184,204800,0.0003247043010562005,1024,18,0.017578125,,
TD3,1024,0,0,8,1638400,1843200,41.4413,-183.65595427066896,204800,0.0003247043010562005,1024,18,0.017578125,,
TD3,1024,0,0,9,1843200,2048000,46.0819,-155.80936214263858,204800,0.0003247043010562005,1024,18,0.017578125,,
TD3,1024,0,0,10,2048000,2252800,50.6615,-151.38154226389605,204800,0.0003247043010562005,1024,18,0.017578125,,
TD3,1024,0,0,11,2252800,2457600,55.2583,-168.1368895590759,204800,0.0003247043010562005,1024,18,0.017578125,,
TD3,1024,0,0,12,2457600,2662400,59.9406,-165.20400561636555,204800,0.0003247043010562005,1024,18,0.017578125,,
TD3,1024,0,0,13,2662400,2867200,64.6194,-154.31304302392513,204800,0.0003247043010562005,1024,18,0.017578125,,
TD3,1024,0,0,14,2867200,3072000,69.2607,-159.9659165944882,204800,0.0003247043010562005,1024,18,0.017578125,,
TD3,1024,0,0,15,3072000,3276800,73.9215,-161.79628293120612,204800,0.0003247043010562005,1024,18,0.017578125,,
TD3,1024,0,0,16,3276800,3481600,78.6068,-153.94176618915466,204800,0.0003247043010562005,1024,18,0.017578125,,
TD3,1024,0,0,17,3481600,3686400,83.3231,-169.47158988885144,204800,0.0003247043010562005,1024,18,0.017578125,,
TD3,1024,0,0,18,3686400,3891200,88.0161,-157.9449392220877,204800,0.0003247043010562005,1024,18,0.017578125,,
TD3,1024,0,0,19,3891200,4096000,92.7191,-132.4033742431616,204800,0.0003247043010562005,1024,18,0.017578125,,
TD3,1024,1,0,0,0,204800,0.9097,-1420.443281132104,204800,0.000775177118441065,1024,3,0.0029296875,,
TD3,1024,1,0,1,204800,409600,1.8011,-1484.9141653169272,204800,0.000775177118441065,1024,3,0.0029296875,,
TD3,1024,1,0,2,409600,614400,5.4866,-1587.59553991199,204800,0.000775177118441065,1024,3,0.0029296875,,
TD3,1024,1,0,3,614400,819200,9.16,-1594.5529091138858,204800,0.000775177118441065,1024,3,0.0029296875,,
TD3,1024,1,0,4,819200,1024000,12.8995,-1263.2324488652544,204800,0.000775177118441065,1024,3,0.0029296875,,
TD3,1024,1,0,5,1024000,1228800,16.5737,-1318.7619512585923,204800,0.000775177118441065,1024,3,0.0029296875,,
TD3,1024,1,0,6,1228800,1433600,20.3271,-1534.2923859377624,204800,0.000775177118441065,1024,3,0.0029296875,,
TD3,1024,1,0,7,1433600,1638400,24.0564,-1306.3975097185605,204800,0.000775177118441065,1024,3,0.0029296875,,
TD3,1024,1,0,8,1638400,1843200,27.7367,-608.2461525013671,204800,0.000775177118441065,1024,3,0.0029296875,,
TD3,1024,1,0,9,1843200,2048000,31.4813,-350.01676369922876,204800,0.000775177118441065,1024,3,0.0029296875,,
TD3,1024,1,0,10,2048000,2252800,35.1967,-211.35940484529593,204800,0.000775177118441065,1024,3,0.0029296875,,
TD3,1024,1,0,11,2252800,2457600,38.7749,-218.9344220648732,204800,0.000775177118441065,1024,3,0.0029296875,,
TD3,1024,1,0,12,2457600,2662400,42.4695,-961.9090924607636,204800,0.000775177118441065,1024,3,0.0029296875,,
TD3,1024,1,0,13,2662400,2867200,46.1355,-166.88293086704158,204800,0.000775177118441065,1024,3,0.0029296875,,
TD3,1024,1,0,14,2867200,3072000,49.8759,-172.71881901916913,204800,0.000775177118441065,1024,3,0.0029296875,,
TD3,1024,1,0,15,3072000,3276800,53.5816,-277.51734495215294,204800,0.000775177118441065,1024,3,0.0029296875,,
TD3,1024,1,0,16,3276800,3481600,57.3285,-179.06099938107462,204800,0.000775177118441065,1024,3,0.0029296875,,
TD3,1024,1,0,17,3481600,3686400,61.0524,-181.6889351257644,204800,0.000775177118441065,1024,3,0.0029296875,,
TD3,1024,1,0,18,3686400,3891200,64.7287,-160.3682879414648,204800,0.000775177118441065,1024,3,0.0029296875,,
TD3,1024,1,0,19,3891200,4096000,68.441,-146.82510946053853,204800,0.000775177118441065,1024,3,0.0029296875,,
TD3,1024,2,0,0,0,204800,4.1455,-1080.8971242358184,204800,0.0007023147623884488,5000,18,0.017578125,,
TD3,1024,2,0,1,204800,409600,8.3691,-325.7871789547896,204800,0.0007023147623884488,5000,18,0.017578125,,
TD3,1024,2,0,2,409600,614400,12.6019,-195.57455206177852,204800,0.0007023147623884488,5000,18,0.017578125,,
TD3,1024,2,0,3,614400,819200,16.8249,-198.5080294439072,204800,0.0007023147623884488,5000,18,0.017578125,,
TD3,1024,2,0,4,819200,1024000,21.0438,-412.6825956688785,204800,0.0007023147623884488,5000,18,0.017578125,,
TD3,1024,2,0,5,1024000,1228800,25.2584,-204.8287453707844,204800,0.0007023147623884488,5000,18,0.017578125,,
TD3,1024,2,0,6,1228800,1433600,29.4714,-216.5223447639482,204800,0.0007023147623884488,5000,18,0.017578125,,
TD3,1024,2,0,7,1433600,1638400,33.6898,-151.28141928227,204800,0.0007023147623884488,5000,18,0.017578125,,
TD3,1024,2,0,8,1638400,1843200,37.9068,-152.73328895747107,204800,0.0007023147623884488,5000,18,0.017578125,,
TD3,1024,2,0,9,1843200,2048000,42.121,-156.10488213702862,204800,0.0007023147623884488,5000,18,0.017578125,,
TD3,1024,2,0,10,2048000,2252800,46.3371,-148.2991866126848,204800,0.0007023147623884488,5000,18,0.017578125,,
TD3,1024,3,0,0,0,204800,2.1943,-1422.9299331696657,204800,0.0008463758142966913,1024,9,0.0087890625,,
TD3,1024,3,0,1,204800,409600,4.3905,-1425.4676018999237,204800,0.0008463758142966913,1024,9,0.0087890625,,
TD3,1024,3,0,2,409600,614400,6.6038,-1428.4277788279996,204800,0.0008463758142966913,1024,9,0.0087890625,,
TD3,1024,3,0,3,614400,819200,8.7946,-1503.927866116902,204800,0.0008463758142966913,1024,9,0.0087890625,,
TD3,1024,4,0,0,0,204800,2.9474,-1530.2888024233096,204800,0.000123198049141125,10000,13,0.0126953125,,
TD3,1024,4,0,1,204800,409600,6.0632,-1242.178374241736,204800,0.000123198049141125,10000,13,0.0126953125,,
TD3,1024,4,0,2,409600,614400,9.152,-1316.2966479340068,204800,0.000123198049141125,10000,13,0.0126953125,,
TD3,1024,4,0,3,614400,819200,12.2463,-1425.2963391583576,204800,0.000123198049141125,10000,13,0.0126953125,,
TD3,1024,5,0,0,0,204800,0.3825,-1302.8472384980787,204800,0.00023160329913491894,10000,1,0.0009765625,,
TD3,1024,5,0,1,204800,409600,0.7778,-1195.8378036042163,204800,0.00023160329913491894,10000,1,0.0009765625,,
TD3,1024,5,0,2,409600,614400,1.1725,-1021.106686770621,204800,0.00023160329913491894,10000,1,0.0009765625,,
TD3,1024,5,0,3,614400,819200,1.567,-1251.3165548998957,204800,0.00023160329913491894,10000,1,0.0009765625,,
TD3,1024,6,0,0,0,204800,0.3799,-1467.828801783775,204800,0.0001172362561331845,10000,1,0.0009765625,,
TD3,1024,6,0,1,204800,409600,0.7739,-1460.4681877468806,204800,0.0001172362561331845,10000,1,0.0009765625,,
TD3,1024,6,0,2,409600,614400,1.1681,-1593.578057966698,204800,0.0001172362561331845,10000,1,0.0009765625,,
TD3,1024,6,0,3,614400,819200,1.5655,-1594.9205188862886,204800,0.0001172362561331845,10000,1,0.0009765625,,
TD3,1024,7,0,0,0,204800,2.3141,-1437.761610179334,204800,0.0011339500480945378,10000,10,0.009765625,,
TD3,1024,7,0,1,204800,409600,4.735,-1419.612919122493,204800,0.0011339500480945378,10000,10,0.009765625,,
TD3,1024,7,0,2,409600,614400,7.1576,-1432.4630536906188,204800,0.0011339500480945378,10000,10,0.009765625,,
TD3,1024,7,0,3,614400,819200,9.5756,-1420.02803548838,204800,0.0011339500480945378,10000,10,0.009765625,,
