algo,n_envs,trial,seed,solved,pruned,time_capped,elapsed_s,steps_at_stop,ep_rew_at_stop,objective,lr,learning_starts,gradient_steps_effective,update_ratio,n_steps,rollout,baseline,threshold
PPO,8,0,0,1,0,0,21.3564,159744,480.59,21.3564,0.0029522252607297075,,,,128,1024,20.35,475.0
PPO,8,1,0,1,0,0,10.0663,69632,484.59,10.0663,0.0009222944219293516,,,,8,64,20.35,475.0
PPO,8,2,0,1,0,0,10.1178,77824,485.9,10.1178,0.0016509204741035509,,,,128,1024,20.35,475.0
PPO,8,3,0,1,0,0,9.5954,65536,494.09,9.5954,0.0010978959638925057,,,,8,64,20.35,475.0
PPO,8,4,0,0,1,0,5.5754,40960,114.95,,0.00023087470969374724,,,,32,256,20.35,475.0
PPO,8,5,0,0,0,0,3.4809,26624,172.69,3.4809,0.0015480357313195515,,,,128,1024,20.35,475.0
PPO,8,6,0,0,1,0,6.0305,40960,276.32,,0.0007500499338496068,,,,8,64,20.35,475.0
PPO,8,7,0,0,1,0,5.7217,40960,103.5,,0.00018525195695783336,,,,32,256,20.35,475.0
PPO,8,8,0,1,0,0,8.4404,61440,491.33,8.4404,0.001459150011973195,,,,32,256,20.35,475.0
PPO,8,9,0,0,1,0,5.7839,40960,103.42,,0.0001902134037163767,,,,32,256,20.35,475.0
PPO,8,10,0,0,1,0,5.7049,40960,157.3,,0.00027060169486357345,,,,32,256,20.35,475.0
PPO,8,11,0,0,1,0,5.6787,40960,273.35,,0.0028881696776223245,,,,32,256,20.35,475.0
PPO,8,12,0,1,0,0,8.4499,61440,487.04,8.4499,0.0010982058647968913,,,,32,256,20.35,475.0
PPO,8,13,0,1,0,0,9.088,65536,494.08,9.088,0.0007576023050442233,,,,32,256,20.35,475.0
PPO,64,0,0,1,0,0,14.4507,193536,500.0,14.4507,0.00010546166999735274,,,,8,512,20.35,475.0
PPO,64,1,0,1,0,0,12.3323,163840,500.0,12.3323,0.0007320023408181381,,,,128,8192,20.35,475.0
PPO,64,2,0,1,0,0,7.3498,96768,479.74,7.3498,0.0026181366410925606,,,,8,512,20.35,475.0
PPO,64,3,0,1,0,0,7.3961,98304,500.0,7.3961,0.0006462546697697723,,,,32,2048,20.35,475.0
PPO,64,4,0,0,1,0,5.0005,65536,162.2,,0.0014696302385916072,,,,128,8192,20.35,475.0
PPO,64,5,0,0,1,0,4.9944,65536,182.39,,0.0015383511232987814,,,,128,8192,20.35,475.0
PPO,64,6,0,0,1,0,5.0033,65536,140.33,,0.0013062474545145334,,,,128,8192,20.35,475.0
PPO,64,7,0,0,1,0,4.9858,65536,181.06,,0.000526340342167725,,,,128,8192,20.35,475.0
PPO,1024,0,0,1,0,0,68.7647,1048576,500.0,68.7647,0.00016071453229125538,,,,32,32768,20.35,475.0
PPO,1024,1,0,1,0,0,67.1156,1032192,500.0,67.1156,0.0003820960905136042,,,,8,8192,20.35,475.0
PPO,1024,2,0,1,0,0,103.3312,1572864,500.0,103.3312,0.0002749216058785647,,,,128,131072,20.35,475.0
PPO,1024,3,0,1,0,0,67.7237,1048576,500.0,67.7237,0.001318242637804794,,,,32,32768,20.35,475.0
PPO,1024,4,0,0,1,0,33.9914,524288,121.74,,0.000802618861408409,,,,128,131072,20.35,475.0
PPO,1024,5,0,0,1,0,33.9557,524288,192.12,,0.002909177574783872,,,,32,32768,20.35,475.0
PPO,1024,6,0,1,0,0,68.4602,1048576,500.0,68.4602,0.0007441545373838395,,,,32,32768,20.35,475.0
PPO,1024,7,0,1,0,0,68.2237,1048576,500.0,68.2237,0.00021841176960803396,,,,32,32768,20.35,475.0
SAC,8,0,0,1,0,0,42.8055,49152,-148.83219634266078,42.8055,0.0026956610822455093,1000,5,0.625,,,-1270.5435966352932,-150.0
SAC,8,1,0,1,0,0,24.832,69632,-149.44212871504334,24.832,0.00011676888949792611,10000,2,0.25,,,-1270.5435966352932,-150.0
SAC,8,2,0,1,0,0,28.9644,49152,-148.89676900030355,28.9644,0.00024552339797726306,10000,4,0.5,,,-1270.5435966352932,-150.0
SAC,8,3,0,1,0,0,50.3272,49152,-146.5137139853158,50.3272,0.0006635074809257028,1000,6,0.75,,,-1270.5435966352932,-150.0
SAC,8,4,0,0,1,0,8.1644,40960,-574.2076820859605,,0.0012714827768587145,10000,1,0.125,,,-1270.5435966352932,-150.0
SAC,8,5,0,0,1,0,10.0093,40960,-382.01064818813336,,0.00039722214344607124,1000,1,0.125,,,-1270.5435966352932,-150.0
SAC,8,6,0,1,0,0,35.0396,49152,-145.22658193995096,35.0396,0.0011825173557578118,10000,5,0.625,,,-1270.5435966352932,-150.0
SAC,8,7,0,0,1,0,8.1678,40960,-1092.487257774563,,0.00010690284709618682,10000,1,0.125,,,-1270.5435966352932,-150.0
SAC,64,0,0,1,0,0,19.462,76800,-148.28538888446488,19.462,0.0008498447276495116,5000,13,0.203125,,,-1270.5435966352932,-150.0
SAC,64,1,0,1,0,0,32.5013,76800,-148.85898609623968,32.5013,0.00023945661258559331,10000,24,0.375,,,-1270.5435966352932,-150.0
SAC,64,2,0,1,0,0,8.6019,281600,-145.64573974545186,8.6019,0.0029155662743200633,10000,1,0.015625,,,-1270.5435966352932,-150.0
SAC,64,3,0,0,1,0,38.3108,76800,-155.15871080856252,,0.0028433787422611507,1000,25,0.390625,,,-1270.5435966352932,-150.0
SAC,64,4,0,1,0,0,11.6254,51200,-148.22068895965265,11.6254,0.0007150714762920758,1000,11,0.171875,,,-1270.5435966352932,-150.0
SAC,64,5,0,0,1,0,3.8231,51200,-818.6403930028223,,0.0008118653398936086,10000,4,0.0625,,,-1270.5435966352932,-150.0
SAC,64,6,0,0,1,0,1.3545,51200,-1573.8783192593767,,0.0024033980360338505,10000,1,0.015625,,,-1270.5435966352932,-150.0
SAC,64,7,0,0,1,0,3.5767,51200,-1030.2437306790346,,0.00023521239343159982,1000,3,0.046875,,,-1270.5435966352932,-150.0
SAC,1024,0,0,1,0,0,13.2413,2252800,-145.41168093131873,13.2413,0.0029222814931925524,1024,4,0.00390625,,,-1270.5435966352932,-150.0
SAC,1024,1,0,1,0,0,27.1169,2048000,-146.2099871041077,27.1169,0.0004067943503634786,10000,10,0.009765625,,,-1270.5435966352932,-150.0
SAC,1024,2,0,1,0,0,28.3812,13516800,-145.88978684388067,28.3812,0.00014520915027194098,10000,1,0.0009765625,,,-1270.5435966352932,-150.0
SAC,1024,3,0,0,1,0,0.8428,409600,-1205.2555936939932,,0.0022444267786240826,10000,1,0.0009765625,,,-1270.5435966352932,-150.0
SAC,1024,4,0,0,1,0,0.8545,409600,-1254.466800364759,,0.0010687523135858971,5000,1,0.0009765625,,,-1270.5435966352932,-150.0
SAC,1024,5,0,1,0,0,35.2707,1228800,-144.11482534864103,35.2707,0.0005592839915175718,5000,22,0.021484375,,,-1270.5435966352932,-150.0
SAC,1024,6,0,0,1,0,2.3379,204800,-1216.226905950848,,0.0002175187752828942,5000,8,0.0078125,,,-1270.5435966352932,-150.0
SAC,1024,7,0,0,1,0,1.2571,204800,-1231.869091593686,,0.0003314531194224398,1024,4,0.00390625,,,-1270.5435966352932,-150.0
TD3,8,0,0,1,0,0,32.5903,49152,-148.88087041258083,32.5903,0.0004926378481560841,10000,5,0.625,,,-1270.5435966352932,-150.0
TD3,8,1,0,1,0,0,15.1586,69632,-148.5995208196438,15.1586,0.0012190190187760875,5000,1,0.125,,,-1270.5435966352932,-150.0
TD3,8,2,0,1,0,0,55.1109,49152,-147.51064090076497,55.1109,0.001468502685701339,5000,8,1.0,,,-1270.5435966352932,-150.0
TD3,8,3,0,1,0,0,59.7446,53248,-147.19621149829544,59.7446,0.0020798375303592675,5000,8,1.0,,,-1270.5435966352932,-150.0
TD3,8,4,0,1,0,0,71.3261,61440,-148.67014847732068,71.3261,0.0028642691117106633,5000,8,1.0,,,-1270.5435966352932,-150.0
TD3,8,5,0,0,1,0,13.0237,61440,-276.2421874505152,,0.0006831535478880685,5000,1,0.125,,,-1270.5435966352932,-150.0
TD3,8,6,0,0,1,0,13.0213,61440,-582.9091282975742,,0.00016909944080714724,5000,1,0.125,,,-1270.5435966352932,-150.0
TD3,8,7,0,1,0,0,48.8815,53248,-145.70599305463764,48.8815,0.0007779679530685133,10000,7,0.875,,,-1270.5435966352932,-150.0
TD3,64,0,0,1,0,0,31.1583,371200,-145.7989339012152,31.1583,0.0002262846205365444,5000,4,0.0625,,,-1270.5435966352932,-150.0
TD3,64,1,0,1,0,0,101.7415,2137600,-147.62384842339816,101.7415,0.00012274320596686715,1000,2,0.03125,,,-1270.5435966352932,-150.0
TD3,64,2,0,1,0,0,13.4471,294400,-149.78793262224033,13.4471,0.0008604906326462359,10000,2,0.03125,,,-1270.5435966352932,-150.0
TD3,64,3,0,1,0,0,40.733,89600,-148.12965498222067,40.733,0.00016790945565734456,5000,25,0.390625,,,-1270.5435966352932,-150.0
TD3,64,4,0,1,0,0,23.0381,140800,-148.5713073787686,23.0381,0.00043343345983524914,1000,8,0.125,,,-1270.5435966352932,-150.0
TD3,64,5,0,0,1,0,2.6549,64000,-1349.009124330256,,0.0008069543232203368,10000,2,0.03125,,,-1270.5435966352932,-150.0
TD3,64,6,0,1,0,0,27.735,128000,-149.27973263557124,27.735,0.00014613804097607247,5000,11,0.171875,,,-1270.5435966352932,-150.0
TD3,64,7,0,1,0,0,22.3785,140800,-146.59105849108556,22.3785,0.00022917438063105208,5000,8,0.125,,,-1270.5435966352932,-150.0
TD3,1024,0,0,1,0,0,92.7213,4096000,-132.4033742431616,92.7213,0.0003247043010562005,1024,18,0.017578125,,,-1270.5435966352932,-150.0
TD3,1024,1,0,1,0,0,68.4511,4096000,-146.82510946053853,68.4511,0.000775177118441065,1024,3,0.0029296875,,,-1270.5435966352932,-150.0
TD3,1024,2,0,1,0,0,46.3387,2252800,-148.2991866126848,46.3387,0.0007023147623884488,5000,18,0.017578125,,,-1270.5435966352932,-150.0
TD3,1024,3,0,0,1,0,8.7976,819200,-1503.927866116902,,0.0008463758142966913,1024,9,0.0087890625,,,-1270.5435966352932,-150.0
TD3,1024,4,0,0,1,0,12.2493,819200,-1425.2963391583576,,0.000123198049141125,10000,13,0.0126953125,,,-1270.5435966352932,-150.0
TD3,1024,5,0,0,1,0,1.5699,819200,-1251.3165548998957,,0.00023160329913491894,10000,1,0.0009765625,,,-1270.5435966352932,-150.0
TD3,1024,6,0,0,1,0,1.5685,819200,-1594.9205188862886,,0.0001172362561331845,10000,1,0.0009765625,,,-1270.5435966352932,-150.0
TD3,1024,7,0,0,1,0,9.5785,819200,-1420.02803548838,,0.0011339500480945378,10000,10,0.009765625,,,-1270.5435966352932,-150.0
