algo,env,n_envs,seeds,steps,train_fps_mean,train_fps_std,train_fps_min,train_fps_max,env_fps_mean,train_fps_per_env,env_fps_per_env,absolute_speedup,parallel_efficiency,incremental_efficiency,cpu_util_pct,gpu_util_pct,gpu_power_w,gpu_mem_mb,cpu_temp_c,gpu_temp_c
PPO,CartPole,8,5,24576,10934.9,59.5,10856.9,11009.2,20462.7,1366.9,2557.8,1.0,1.0,,5.9,81.8,0.155,4.3,54.4,45.7
PPO,CartPole,16,5,47514,20369.1,78.7,20257.8,20466.6,35145.0,1273.1,2196.6,1.863,0.931,0.931,6.1,93.6,0.184,4.3,56.6,48.1
PPO,CartPole,32,5,81920,37613.7,296.8,37225.5,37961.9,67484.4,1175.4,2108.9,3.44,0.86,0.923,7.4,69.5,0.147,4.3,58.0,49.2
PPO,CartPole,64,5,147456,69572.5,257.7,69277.8,69974.5,126491.9,1087.1,1976.4,6.362,0.795,0.925,7.1,68.4,0.152,4.3,58.7,49.9
PPO,CartPole,128,5,263782,130059.3,464.5,129678.0,130800.2,250353.5,1016.1,1955.9,11.894,0.743,0.935,5.5,68.1,0.163,4.3,58.7,50.4
PPO,CartPole,256,5,481690,237920.5,959.1,236662.9,239339.4,491918.0,929.4,1921.6,21.758,0.68,0.915,5.4,68.1,0.186,4.3,59.0,50.9
PPO,CartPole,512,5,811008,403896.5,6668.7,395749.1,413569.1,948187.6,788.9,1851.9,36.936,0.577,0.849,5.4,68.1,0.214,4.3,59.6,51.4
PPO,CartPole,1024,5,1192755,593945.9,3032.9,590759.0,597974.9,1817027.9,580.0,1774.4,54.316,0.424,0.735,7.0,68.2,0.249,4.3,60.1,52.0
PPO,CartPole,2048,5,1530266,762000.8,3384.5,757450.3,766900.4,3378320.1,372.1,1649.6,69.685,0.272,0.641,5.0,68.1,0.292,4.2,60.1,52.6
PPO,CartPole,4096,5,2436301,1214582.7,4512.9,1208517.4,1220558.1,5523656.6,296.5,1348.5,111.074,0.217,0.797,5.4,68.1,0.349,7.8,60.6,53.4
PPO,CartPole,8192,5,3389850,1691988.0,7637.4,1682665.6,1702909.1,8430969.1,206.5,1029.2,154.732,0.151,0.697,5.8,67.8,0.434,15.0,61.3,54.7
SAC,Pendulum,8,5,8192,3086.2,61.9,2984.1,3147.0,20601.9,385.8,2575.2,1.0,1.0,,6.3,100.0,0.762,23.0,64.0,57.2
SAC,Pendulum,16,5,16384,6123.7,301.9,5586.0,6300.4,43023.7,382.7,2689.0,1.984,0.992,0.992,5.0,95.2,0.711,23.0,64.2,57.6
SAC,Pendulum,32,5,31130,11958.3,999.5,10171.5,12458.4,85371.4,373.7,2667.9,3.875,0.969,0.976,5.6,100.0,0.752,23.0,64.4,57.7
SAC,Pendulum,64,5,57344,24063.5,376.9,23595.6,24511.1,173290.0,376.0,2707.7,7.797,0.975,1.006,6.1,98.4,0.754,23.0,65.3,58.9
SAC,Pendulum,128,5,98304,46772.3,3911.6,39847.6,48933.4,342431.8,365.4,2675.2,15.155,0.947,0.972,5.4,69.0,0.526,23.0,65.5,58.8
SAC,Pendulum,256,5,199885,96049.7,4017.6,93065.2,103097.9,663883.2,375.2,2593.3,31.122,0.973,1.027,5.8,68.1,0.542,23.0,65.4,59.1
SAC,Pendulum,512,5,363725,179188.5,3800.7,173709.7,183919.8,1305066.4,350.0,2549.0,58.061,0.907,0.933,7.0,68.1,0.523,23.0,65.1,59.1
SAC,Pendulum,1024,5,601293,298294.7,42537.1,265145.7,360925.2,2569606.8,291.3,2509.4,96.654,0.755,0.832,6.3,68.1,0.535,23.0,64.7,58.1
SAC,Pendulum,2048,5,1241907,617267.7,62265.8,512457.7,678138.5,5019573.5,301.4,2451.0,200.009,0.781,1.035,5.3,68.1,0.561,23.1,65.2,59.0
SAC,Pendulum,4096,5,2008678,1001076.7,187486.7,722478.8,1178649.7,9839555.8,244.4,2402.2,324.372,0.634,0.811,6.6,67.9,0.554,23.1,63.9,58.0
SAC,Pendulum,8192,5,4890624,2444117.3,8438.4,2436141.4,2456799.8,18735959.1,298.4,2287.1,791.95,0.773,1.221,5.0,67.5,0.48,23.1,66.0,58.9
TD3,Pendulum,8,5,8192,3458.8,60.7,3402.0,3558.6,20652.6,432.3,2581.6,1.0,1.0,,6.3,96.2,0.651,14.2,65.4,58.9
TD3,Pendulum,16,5,16384,6924.3,65.2,6842.4,6992.5,41943.4,432.8,2621.5,2.002,1.001,1.001,6.1,96.2,0.662,14.2,65.6,59.1
TD3,Pendulum,32,5,32768,13828.0,139.6,13675.8,14016.7,83346.0,432.1,2604.6,3.998,0.999,0.999,5.8,97.0,0.678,14.2,65.7,59.3
TD3,Pendulum,64,5,58982,28286.2,198.0,28077.0,28562.5,169123.4,442.0,2642.6,8.178,1.022,1.023,4.4,72.9,0.497,14.2,65.1,59.4
TD3,Pendulum,128,5,114688,55742.9,480.8,55210.5,56326.2,328572.6,435.5,2567.0,16.116,1.007,0.985,7.0,68.1,0.466,14.2,65.4,59.2
TD3,Pendulum,256,5,222822,108524.4,1029.6,107570.1,110072.9,659276.5,423.9,2575.3,31.377,0.981,0.973,6.1,68.1,0.484,14.2,65.4,59.4
TD3,Pendulum,512,5,419430,206911.6,1596.1,204648.1,208442.3,1303141.1,404.1,2545.2,59.822,0.935,0.953,6.3,68.2,0.479,14.2,65.7,59.5
TD3,Pendulum,1024,5,761856,378728.6,2620.5,375833.8,382124.5,2557235.0,369.9,2497.3,109.498,0.855,0.915,6.0,68.1,0.489,14.2,65.8,59.7
TD3,Pendulum,2048,5,1433600,714311.3,6381.6,709748.8,725545.4,4965111.3,348.8,2424.4,206.522,0.807,0.943,4.2,68.0,0.507,14.2,65.5,59.9
TD3,Pendulum,4096,5,2639462,1317709.2,12620.2,1304612.0,1338459.0,9599137.6,321.7,2343.5,380.977,0.744,0.922,7.4,68.0,0.536,14.3,65.6,60.6
TD3,Pendulum,8192,5,5359206,2677155.4,80320.3,2555482.8,2744213.3,18451349.9,326.8,2252.4,774.022,0.756,1.016,9.9,67.5,0.44,14.3,67.1,59.5
