algo,env,n_envs,seed,threshold,budget,solved,steps_to_solve,elapsed_s,ep_rew_mean,n_episodes
PPO,CartPole,4,0,475.0,250000,True,122880,29.009,476.23,100
PPO,CartPole,8,0,475.0,500000,True,94208,15.004,478.6,100
PPO,CartPole,16,0,475.0,1000000,True,90112,10.646,486.3,100
PPO,CartPole,32,0,475.0,2000000,True,98304,9.963,492.2,100
PPO,CartPole,64,0,475.0,4000000,True,98304,8.89,500.0,100
PPO,CartPole,128,0,475.0,8000000,True,131072,11.462,500.0,100
PPO,CartPole,256,0,475.0,16000000,True,262144,22.188,500.0,100
PPO,CartPole,512,0,475.0,32000000,True,524288,43.665,500.0,100
PPO,CartPole,1024,0,475.0,64000000,True,1032192,86.036,500.0,100
PPO,CartPole,2048,0,475.0,128000000,True,2048000,170.188,500.0,100
PPO,CartPole,4096,0,475.0,256000000,True,4096000,338.869,500.0,100
PPO,CartPole,8192,0,475.0,512000000,True,4096000,338.333,500.0,100
SAC,Pendulum,4,0,-150.0,250000,True,57344,67.04,-147.19,100
SAC,Pendulum,8,0,-150.0,500000,True,65536,31.937,-148.11,100
SAC,Pendulum,16,0,-150.0,1000000,True,106496,24.423,-147.14,100
SAC,Pendulum,32,0,-150.0,2000000,True,275200,35.276,-148.4,100
SAC,Pendulum,64,0,-150.0,4000000,True,806400,34.559,-141.42,100
SAC,Pendulum,128,0,-150.0,8000000,True,1561600,51.909,-144.38,100
SAC,Pendulum,256,0,-150.0,16000000,True,2457600,38.864,-138.55,100
SAC,Pendulum,512,0,-150.0,32000000,True,5836800,56.041,-149.2,100
SAC,Pendulum,1024,0,-150.0,64000000,True,9011200,43.967,-143.84,100
SAC,Pendulum,2048,0,-150.0,128000000,True,24166400,65.69,-149.55,100
SAC,Pendulum,4096,0,-150.0,256000000,True,45056000,71.454,-144.06,100
SAC,Pendulum,8192,0,-150.0,512000000,True,104857600,105.54,-149.65,100
TD3,Pendulum,8,0,-150.0,500000,True,69632,16.371,-145.64,100
TD3,Pendulum,16,0,-150.0,1000000,True,147456,19.106,-148.82,100
TD3,Pendulum,64,0,-150.0,4000000,True,806400,26.577,-146.12,100
TD3,Pendulum,128,0,-150.0,8000000,True,1024000,16.641,-141.21,100
TD3,Pendulum,256,0,-150.0,16000000,True,2457600,20.719,-141.01,100
TD3,Pendulum,512,0,-150.0,32000000,True,3584000,18.711,-145.05,100
TD3,Pendulum,1024,0,-150.0,64000000,True,7782400,24.584,-148.11,100
TD3,Pendulum,4096,0,-150.0,256000000,True,34406400,50.796,-143.42,100
TD3,Pendulum,4,0,-150.0,250000,True,57344,100.457,-146.5,100
TD3,Pendulum,32,0,-150.0,2000000,True,76800,88.842,-144.55,100
TD3,Pendulum,2048,0,-150.0,128000000,True,2867200,71.434,-147.0,100
TD3,Pendulum,8192,0,-150.0,512000000,True,6553600,58.885,-148.4,100
