algo,env,n_envs,seeds,threshold,budget,solve_rate,steps_mean,steps_std,steps_min,steps_max,elapsed_s_mean,ep_rew_mean
PPO,CartPole,4,1,475.0,250000,1.0,122880.0,0.0,122880,122880,29.01,476.2
PPO,CartPole,8,1,475.0,500000,1.0,94208.0,0.0,94208,94208,15.0,478.6
PPO,CartPole,16,1,475.0,1000000,1.0,90112.0,0.0,90112,90112,10.65,486.3
PPO,CartPole,32,1,475.0,2000000,1.0,98304.0,0.0,98304,98304,9.96,492.2
PPO,CartPole,64,1,475.0,4000000,1.0,98304.0,0.0,98304,98304,8.89,500.0
PPO,CartPole,128,1,475.0,8000000,1.0,131072.0,0.0,131072,131072,11.46,500.0
PPO,CartPole,256,1,475.0,16000000,1.0,262144.0,0.0,262144,262144,22.19,500.0
PPO,CartPole,512,1,475.0,32000000,1.0,524288.0,0.0,524288,524288,43.66,500.0
PPO,CartPole,1024,1,475.0,64000000,1.0,1032192.0,0.0,1032192,1032192,86.04,500.0
PPO,CartPole,2048,1,475.0,128000000,1.0,2048000.0,0.0,2048000,2048000,170.19,500.0
PPO,CartPole,4096,1,475.0,256000000,1.0,4096000.0,0.0,4096000,4096000,338.87,500.0
PPO,CartPole,8192,1,475.0,512000000,1.0,4096000.0,0.0,4096000,4096000,338.33,500.0
SAC,Pendulum,4,1,-150.0,250000,1.0,57344.0,0.0,57344,57344,67.04,-147.2
SAC,Pendulum,8,1,-150.0,500000,1.0,65536.0,0.0,65536,65536,31.94,-148.1
SAC,Pendulum,16,1,-150.0,1000000,1.0,106496.0,0.0,106496,106496,24.42,-147.1
SAC,Pendulum,32,1,-150.0,2000000,1.0,275200.0,0.0,275200,275200,35.28,-148.4
SAC,Pendulum,64,1,-150.0,4000000,1.0,806400.0,0.0,806400,806400,34.56,-141.4
SAC,Pendulum,128,1,-150.0,8000000,1.0,1561600.0,0.0,1561600,1561600,51.91,-144.4
SAC,Pendulum,256,1,-150.0,16000000,1.0,2457600.0,0.0,2457600,2457600,38.86,-138.6
SAC,Pendulum,512,1,-150.0,32000000,1.0,5836800.0,0.0,5836800,5836800,56.04,-149.2
SAC,Pendulum,1024,1,-150.0,64000000,1.0,9011200.0,0.0,9011200,9011200,43.97,-143.8
SAC,Pendulum,2048,1,-150.0,128000000,1.0,24166400.0,0.0,24166400,24166400,65.69,-149.6
SAC,Pendulum,4096,1,-150.0,256000000,1.0,45056000.0,0.0,45056000,45056000,71.45,-144.1
SAC,Pendulum,8192,1,-150.0,512000000,1.0,104857600.0,0.0,104857600,104857600,105.54,-149.7
TD3,Pendulum,4,1,-150.0,250000,1.0,57344.0,0.0,57344,57344,100.46,-146.5
TD3,Pendulum,8,1,-150.0,500000,1.0,69632.0,0.0,69632,69632,16.37,-145.6
TD3,Pendulum,16,1,-150.0,1000000,1.0,147456.0,0.0,147456,147456,19.11,-148.8
TD3,Pendulum,32,1,-150.0,2000000,1.0,76800.0,0.0,76800,76800,88.84,-144.6
TD3,Pendulum,64,1,-150.0,4000000,1.0,806400.0,0.0,806400,806400,26.58,-146.1
TD3,Pendulum,128,1,-150.0,8000000,1.0,1024000.0,0.0,1024000,1024000,16.64,-141.2
TD3,Pendulum,256,1,-150.0,16000000,1.0,2457600.0,0.0,2457600,2457600,20.72,-141.0
TD3,Pendulum,512,1,-150.0,32000000,1.0,3584000.0,0.0,3584000,3584000,18.71,-145.1
TD3,Pendulum,1024,1,-150.0,64000000,1.0,7782400.0,0.0,7782400,7782400,24.58,-148.1
TD3,Pendulum,2048,1,-150.0,128000000,1.0,2867200.0,0.0,2867200,2867200,71.43,-147.0
TD3,Pendulum,4096,1,-150.0,256000000,1.0,34406400.0,0.0,34406400,34406400,50.8,-143.4
TD3,Pendulum,8192,1,-150.0,512000000,1.0,6553600.0,0.0,6553600,6553600,58.88,-148.4
