algo,env,n_envs,seed,steps,elapsed_s,train_fps,env_fps,train_fps_per_env,env_fps_per_env,cpu_util_pct,gpu_util_pct,gpu_power_w,gpu_mem_mb,cpu_temp_c,gpu_temp_c
PPO,CartPole,1024,0,1097728,2.0122,545525.1,1910821.0,532.7,1866.0,6.4,70.3,0.255,4.3,52.5,43.2
PPO,CartPole,1024,1,1097728,2.0101,546092.8,1910821.0,533.3,1866.0,3.7,68.3,0.207,4.3,54.8,44.5
PPO,CartPole,1024,2,1179648,2.015,585447.3,1910821.0,571.7,1866.0,6.7,69.4,0.213,4.3,56.0,46.1
PPO,CartPole,1024,3,1155072,2.0008,577318.8,1910821.0,563.8,1866.0,5.7,69.7,0.214,4.3,54.9,46.2
PPO,CartPole,1024,4,1187840,2.0151,589471.7,1910821.0,575.7,1866.0,8.1,69.6,0.216,4.3,55.4,46.6
PPO,CartPole,2048,0,1499136,2.012,745110.9,3380428.8,363.8,1650.6,6.6,68.8,0.249,4.2,57.1,47.8
PPO,CartPole,2048,1,1531904,2.013,761021.1,3380428.8,371.6,1650.6,6.6,69.1,0.265,4.2,56.8,47.9
PPO,CartPole,2048,2,1540096,2.0118,765522.2,3380428.8,373.8,1650.6,6.0,69.6,0.256,4.2,57.9,48.6
PPO,CartPole,2048,3,1433600,2.0024,715935.4,3380428.8,349.6,1650.6,5.9,67.2,0.264,4.2,57.2,48.6
PPO,CartPole,2048,4,1523712,2.0089,758484.9,3380428.8,370.4,1650.6,3.7,69.2,0.255,4.2,59.1,49.6
PPO,CartPole,4096,0,2277376,2.0031,1136915.6,5658554.6,277.6,1381.5,5.8,69.5,0.336,7.8,57.1,49.6
PPO,CartPole,4096,1,2375680,2.0056,1184502.5,5658554.6,289.2,1381.5,4.1,69.6,0.323,7.8,56.6,49.7
PPO,CartPole,4096,2,1966080,2.0068,979713.0,5658554.6,239.2,1381.5,5.3,69.8,0.326,7.8,55.7,48.9
PPO,CartPole,4096,3,2351104,2.0012,1174839.5,5658554.6,286.8,1381.5,3.7,70.1,0.325,7.8,57.0,49.3
PPO,CartPole,4096,4,2433024,2.0069,1212353.6,5658554.6,296.0,1381.5,5.7,69.6,0.323,7.8,58.3,50.2
PPO,CartPole,8192,0,2629632,2.0011,1314089.7,8681345.7,160.4,1059.7,6.3,69.3,0.404,15.0,56.8,50.2
PPO,CartPole,8192,1,2260992,2.0029,1128857.9,8681345.7,137.8,1059.7,4.2,70.2,0.405,15.0,55.1,48.7
PPO,CartPole,8192,2,2629632,2.0015,1313806.2,8681345.7,160.4,1059.7,7.2,69.3,0.395,15.0,54.5,48.5
PPO,CartPole,8192,3,2998272,2.0041,1496104.4,8681345.7,182.6,1059.7,6.7,69.5,0.4,15.0,57.0,50.4
PPO,CartPole,8192,4,2244608,2.0013,1121561.9,8681345.7,136.9,1059.7,7.1,71.1,0.43,15.0,54.8,48.8
